uid,u_age,u_gender,u_occupation
1,1,0,19
2,7,1,13
3,1,0,20
4,1,0,19
5,3,1,13
6,5,0,6
7,8,0,0
8,4,0,0
9,2,0,18
10,7,0,9
11,4,1,13
12,2,1,13
13,6,0,3
14,6,0,17
15,6,1,3
16,1,0,5
17,3,0,14
18,4,1,13
19,5,0,10
20,5,1,8
21,2,0,20
22,2,0,20
23,3,1,1
24,1,1,1
25,4,0,4
26,6,0,4
27,5,1,10
28,3,0,20
29,5,0,14
30,0,0,18
31,1,0,1
32,2,1,18
33,1,0,18
34,4,1,0
35,1,1,8
36,0,1,18
37,1,0,18
38,2,1,13
39,5,0,5
40,4,0,17
41,3,0,4
42,3,0,0
43,2,1,10
44,2,0,19
45,2,0,14
46,2,1,11
47,7,0,11
48,6,0,0
49,1,1,18
50,1,0,20
51,2,0,3
52,0,1,18
53,2,0,14
54,1,0,6
55,4,0,14
56,2,0,10
57,0,0,12
58,2,0,14
59,6,0,3
60,7,0,7
61,4,0,4
62,2,1,0
63,3,0,11
64,3,0,3
65,7,1,3
66,1,0,18
67,0,0,18
68,0,0,18
69,1,0,4
70,2,0,4
71,4,0,17
72,6,1,0
73,1,0,18
74,4,0,17
75,1,0,5
76,1,0,18
77,3,0,19
78,2,0,0
79,4,1,0
80,3,1,0
81,1,0,18
82,7,0,14
83,5,0,13
84,3,0,6
85,7,0,3
86,2,0,0
87,6,0,0
88,6,1,10
89,5,1,0
90,8,0,3
91,8,0,11
92,3,0,5
93,6,0,6
94,2,0,18
95,3,0,0
96,2,1,1
97,5,0,1
98,6,1,6
99,1,0,18
100,4,0,6
101,0,0,18
102,4,0,14
103,2,0,18
104,2,0,18
105,1,0,4
106,8,0,15
107,4,0,17
108,5,0,3
109,2,0,13
110,0,0,18
111,8,0,4
112,3,0,16
113,6,0,6
114,2,0,14
115,3,0,4
116,5,0,7
117,1,0,18
118,1,0,0
119,3,0,14
120,6,1,13
121,7,0,10
122,3,1,20
123,6,1,1
124,3,0,18
125,3,0,9
126,2,1,9
127,3,0,12
128,1,1,11
129,4,1,11
130,1,0,12
131,8,1,0
132,1,0,13
133,7,0,4
134,3,0,14
135,1,0,18
136,7,0,13
137,7,0,3
138,6,0,2
139,1,0,18
140,3,1,18
141,6,0,14
142,0,0,13
143,5,0,19
144,7,0,14
145,3,0,5
146,6,0,1
147,5,1,10
148,3,0,4
149,4,1,11
150,1,1,1
151,4,1,0
152,3,1,3
153,2,0,18
154,2,0,18
155,3,1,13
156,2,0,3
157,8,0,4
158,7,0,3
159,1,1,18
160,2,0,14
161,7,0,9
162,2,0,1
163,6,0,0
164,6,0,7
165,1,1,13
166,6,0,3
167,4,0,13
168,6,0,13
169,7,1,13
170,7,1,7
171,6,1,3
172,8,0,11
173,8,0,13
174,3,1,0
175,2,1,17
176,2,0,17
177,1,0,14
178,2,0,13
179,0,0,5
180,1,1,0
181,2,0,6
182,4,0,14
183,3,0,17
184,4,0,10
185,7,1,10
186,4,1,6
187,2,0,3
188,5,0,18
189,3,0,1
190,3,0,0
191,3,0,0
192,5,0,3
193,2,0,18
194,4,0,0
195,5,0,17
196,6,0,20
197,8,0,19
198,1,1,18
199,3,0,20
200,5,0,14
201,2,0,20
202,5,1,3
203,2,1,18
204,7,1,10
205,6,0,9
206,0,1,18
207,4,0,11
208,5,0,4
209,3,1,3
210,4,0,4
211,8,0,16
212,6,1,3
213,3,0,6
214,2,1,10
215,4,0,14
216,1,0,4
217,1,0,13
218,4,0,0
219,3,0,14
220,3,0,10
221,0,0,18
222,2,0,14
223,0,1,18
224,3,1,3
225,7,1,0
226,2,0,18
227,6,0,6
228,1,1,18
229,2,1,10
230,2,1,18
231,6,0,10
232,6,0,17
233,4,0,4
234,8,0,15
235,4,0,3
236,5,1,20
237,6,0,0
238,5,1,0
239,4,0,1
240,1,1,3
241,2,1,18
242,3,0,3
243,3,0,3
244,2,0,19
245,1,0,18
246,0,0,18
247,2,0,4
248,2,0,18
249,2,0,18
250,2,0,6
251,2,0,2
252,5,0,4
253,2,1,10
254,5,0,3
255,1,0,5
256,4,1,12
257,0,0,18
258,0,1,18
259,1,0,18
260,5,1,1
261,2,0,0
262,0,1,18
263,5,0,14
264,4,1,20
265,2,0,6
266,8,1,0
267,1,0,4
268,1,0,4
269,3,1,10
270,0,1,18
271,7,0,4
272,3,0,17
273,7,1,13
274,1,1,18
275,4,0,4
276,1,0,18
277,4,1,0
278,4,1,10
279,3,0,14
280,3,1,10
281,0,1,18
282,1,0,0
283,2,0,14
284,5,0,6
285,2,0,14
286,2,0,18
287,1,0,16
288,3,0,11
289,0,0,12
290,5,0,4
291,0,0,18
292,4,1,14
293,1,0,20
294,3,0,19
295,3,0,3
296,5,1,0
297,2,1,3
298,5,0,6
299,2,0,2
300,2,1,14
301,1,0,18
302,5,0,3
303,0,0,18
304,1,1,18
305,1,0,14
306,6,0,13
307,2,0,18
308,8,0,15
309,5,0,17
310,4,0,3
311,3,0,19
312,6,0,13
313,5,0,11
314,1,1,18
315,3,0,3
316,5,1,13
317,1,0,0
318,8,0,15
319,4,0,14
320,0,0,18
321,6,1,3
322,1,0,18
323,1,0,18
324,1,1,18
325,6,0,19
326,5,0,0
327,1,0,18
328,7,0,0
329,6,0,3
330,4,1,3
331,3,0,5
332,1,0,18
333,6,0,13
334,3,0,10
335,6,0,6
336,1,0,16
337,4,0,17
338,4,1,10
339,4,0,9
340,6,0,4
341,0,1,18
342,2,1,13
343,5,0,4
344,3,1,10
345,2,1,10
346,3,0,13
347,0,0,18
348,1,1,18
349,8,0,15
350,3,0,18
351,8,0,3
352,4,1,14
353,2,0,17
354,2,1,10
355,2,0,18
356,3,1,8
357,2,0,6
358,5,0,3
359,1,0,18
360,7,0,13
361,1,0,18
362,4,1,8
363,1,0,18
364,8,0,4
365,2,0,9
366,1,1,18
367,0,0,18
368,0,0,18
369,1,0,18
370,7,0,20
371,4,0,4
372,2,1,18
373,1,1,13
374,4,0,6
375,0,0,5
376,2,1,13
377,1,0,18
378,4,0,18
379,5,0,14
380,3,0,4
381,3,0,1
382,6,0,4
383,5,0,0
384,7,0,14
385,4,0,20
386,4,0,16
387,3,0,5
388,3,0,13
389,5,1,20
390,5,1,20
391,1,0,18
392,7,0,20
393,0,0,18
394,2,0,0
395,5,0,13
396,8,0,4
397,0,0,18
398,5,0,13
399,2,0,13
400,3,1,0
401,6,1,7
402,3,0,4
403,4,0,13
404,2,1,14
405,1,1,7
406,7,0,3
407,2,0,4
408,1,0,18
409,6,0,0
410,3,1,1
411,3,0,3
412,2,0,3
413,8,0,3
414,1,0,14
415,4,0,3
416,1,1,18
417,2,1,13
418,8,1,12
419,4,0,9
420,7,0,3
421,4,1,14
422,2,0,5
423,8,0,13
424,4,1,11
425,0,0,18
426,8,0,3
427,7,0,2
428,2,0,18
429,2,0,18
430,4,0,17
431,1,0,11
432,1,0,5
433,2,0,1
434,0,1,18
435,1,0,4
436,3,1,0
437,2,1,13
438,7,1,0
439,1,1,0
440,3,0,13
441,7,0,19
442,1,0,18
443,4,0,16
444,7,1,9
445,1,0,20
446,8,0,3
447,3,0,0
448,1,0,5
449,1,0,10
450,4,1,3
451,0,0,18
452,4,0,0
453,0,0,18
454,8,0,13
455,6,0,0
456,1,0,19
457,3,1,16
458,6,0,19
459,1,0,18
460,5,1,13
461,0,0,18
462,0,1,18
463,6,1,7
464,8,0,20
465,3,0,13
466,1,0,18
467,2,0,4
468,2,0,4
469,8,0,3
470,1,0,14
471,0,0,18
472,1,0,18
473,2,0,18
474,7,0,6
475,3,0,14
476,2,0,18
477,1,1,18
478,2,0,13
479,3,0,3
480,8,0,15
481,8,0,15
482,0,1,18
483,2,0,17
484,2,0,18
485,5,1,3
486,4,0,3
487,1,0,4
488,6,0,19
489,8,0,13
490,2,1,1
491,5,1,20
492,8,0,3
493,1,0,4
494,4,1,0
495,2,0,4
496,1,1,18
497,1,0,18
498,2,0,20
499,5,0,14
500,2,0,0
501,1,0,18
502,1,0,18
503,7,1,20
504,5,1,20
505,2,1,13
506,6,0,14
507,0,1,20
508,2,0,11
509,1,0,0
510,3,0,13
511,1,0,18
512,2,0,13
513,5,0,0
514,2,0,14
515,7,0,11
516,7,1,10
517,1,0,18
518,6,1,20
519,1,0,13
520,8,0,7
521,0,0,18
522,4,0,4
523,7,1,0
524,8,0,3
525,2,1,0
526,3,0,11
527,3,0,10
528,0,0,18
529,6,1,0
530,2,0,4
531,3,1,16
532,1,0,18
533,5,0,10
534,1,0,18
535,6,1,3
536,4,0,4
537,4,0,4
538,3,0,17
539,7,1,0
540,2,0,4
541,0,1,18
542,1,0,18
543,3,0,17
544,5,1,13
545,2,0,19
546,4,0,6
547,7,0,3
548,7,0,20
549,5,0,17
550,0,1,18
551,2,0,14
552,6,0,13
553,8,0,3
554,3,0,17
555,2,1,3
556,4,1,3
557,3,1,20
558,8,1,20
559,8,0,6
560,3,0,18
561,1,0,4
562,7,1,0
563,4,1,10
564,8,0,15
565,5,0,18
566,1,0,18
567,1,0,5
568,4,0,3
569,3,0,3
570,2,0,3
571,3,0,1
572,7,0,3
573,8,0,15
574,8,0,3
575,3,0,11
576,6,0,6
577,4,1,18
578,3,0,0
579,3,0,3
580,0,0,18
581,4,0,13
582,0,0,18
583,5,0,4
584,2,0,18
585,8,0,10
586,1,0,18
587,2,0,13
588,0,1,18
589,1,0,9
590,7,0,3
591,8,1,10
592,0,0,18
593,3,1,3
594,6,0,3
595,2,0,14
596,1,0,1
597,1,0,13
598,5,1,11
599,1,1,18
600,3,0,14
601,0,1,1
602,6,1,13
603,1,0,14
604,4,0,3
605,3,0,4
606,2,0,14
607,6,1,7
608,1,0,13
609,0,1,18
610,1,0,18
611,6,0,10
612,4,0,3
613,4,1,11
614,7,0,3
615,4,0,3
616,8,0,17
617,2,1,20
618,0,1,18
619,0,0,18
620,0,1,20
621,0,0,18
622,2,0,14
623,7,1,3
624,0,0,18
625,2,0,14
626,1,0,17
627,1,0,4
628,0,0,12
629,6,1,13
630,2,1,7
631,0,1,18
632,0,0,18
633,4,0,14
634,4,0,4
635,1,0,13
636,6,0,3
637,3,0,13
638,6,0,4
639,5,1,10
640,1,0,18
641,1,0,18
642,0,1,18
643,4,0,17
644,7,0,15
645,2,0,14
646,0,1,18
647,5,0,3
648,5,0,4
649,1,0,18
650,5,0,4
651,8,0,15
652,4,0,13
653,3,0,6
654,2,1,18
655,7,1,7
656,6,0,3
657,2,1,12
658,3,0,14
659,3,0,3
660,2,0,18
661,2,0,14
662,8,0,10
663,2,0,13
664,3,0,4
665,2,0,0
666,5,0,0
667,4,0,10
668,2,1,20
669,4,0,13
670,3,0,19
671,1,0,14
672,7,1,0
673,7,0,3
674,0,1,18
675,3,0,13
676,3,0,14
677,1,0,13
678,7,0,3
679,1,1,18
680,3,0,9
681,5,1,11
682,1,0,14
683,5,0,10
684,2,0,18
685,3,1,10
686,3,0,3
687,3,1,7
688,4,1,0
689,2,0,13
690,4,0,16
691,3,0,3
692,3,0,4
693,5,1,7
694,8,0,14
695,2,0,20
696,8,0,13
697,2,0,13
698,2,1,14
699,5,0,13
700,0,0,18
701,7,1,10
702,4,0,13
703,2,0,3
704,7,1,10
705,1,1,18
706,1,0,18
707,8,1,10
708,2,1,8
709,1,0,13
710,0,0,18
711,1,1,18
712,1,1,18
713,5,1,13
714,2,0,4
715,1,0,19
716,4,1,0
717,1,0,19
718,5,0,19
719,4,1,13
720,6,1,0
721,1,1,5
722,7,1,8
723,2,0,6
724,3,0,6
725,1,0,18
726,2,1,0
727,2,0,18
728,8,0,6
729,0,0,18
730,3,1,17
731,5,1,3
732,2,1,13
733,5,1,13
734,2,1,13
735,2,1,7
736,6,1,20
737,3,0,14
738,4,0,19
739,4,0,19
740,2,1,3
741,2,0,20
742,4,0,18
743,3,0,14
744,4,0,11
745,5,0,20
746,2,0,4
747,0,0,13
748,2,0,0
749,3,0,13
750,2,0,0
751,1,1,13
752,8,0,15
753,8,0,16
754,8,1,10
755,5,1,3
756,3,1,12
757,2,0,18
758,2,0,18
759,1,1,18
760,4,1,13
761,0,0,18
762,3,0,0
763,2,0,17
764,2,1,3
765,3,0,18
766,5,0,13
767,8,0,4
768,2,0,0
769,4,0,6
770,2,0,18
771,2,0,18
772,7,0,20
773,1,0,18
774,3,0,18
775,6,0,6
776,3,0,10
777,8,0,14
778,3,0,18
779,3,0,18
780,6,0,14
781,1,0,18
782,1,1,1
783,3,0,11
784,6,0,0
785,3,0,4
786,4,1,4
787,0,1,18
788,7,0,0
789,2,0,13
790,2,0,19
791,3,0,3
792,5,0,14
793,1,0,18
794,3,0,3
795,3,0,14
796,3,1,20
797,5,1,13
798,5,1,20
799,6,1,0
800,2,0,14
801,1,0,20
802,4,0,0
803,8,0,0
804,4,0,3
805,2,1,13
806,2,0,11
807,5,1,7
808,6,0,16
809,7,1,11
810,8,1,13
811,5,1,3
812,1,0,19
813,0,1,18
814,3,0,13
815,3,0,13
816,3,0,13
817,0,0,18
818,2,0,10
819,8,0,0
820,1,0,18
821,4,0,4
822,2,1,10
823,2,0,1
824,3,0,13
825,5,0,4
826,2,0,1
827,1,1,4
828,2,0,10
829,6,0,20
830,6,0,14
831,1,0,13
832,1,0,19
833,3,0,20
834,2,0,13
835,5,1,6
836,5,0,1
837,4,1,1
838,1,0,18
839,4,1,5
840,4,0,1
841,6,0,2
842,5,0,20
843,4,0,10
844,1,0,4
845,8,0,2
846,2,0,9
847,2,0,18
848,6,0,4
849,0,1,18
850,3,0,19
851,0,0,13
852,6,0,0
853,6,0,20
854,2,1,18
855,7,0,10
856,5,1,11
857,4,1,0
858,8,0,3
859,0,1,13
860,8,1,15
861,4,1,18
862,2,0,6
863,0,0,18
864,2,0,14
865,2,0,1
866,6,0,13
867,1,0,17
868,1,0,14
869,3,0,18
870,1,0,18
871,3,0,6
872,0,1,18
873,6,1,0
874,4,0,17
875,1,1,18
876,5,0,13
877,3,0,13
878,7,1,3
879,3,1,0
880,0,0,18
881,4,0,11
882,4,0,4
883,6,0,10
884,5,0,4
885,3,1,13
886,1,0,18
887,0,1,18
888,5,0,17
889,1,0,19
890,3,0,18
891,7,1,0
892,4,0,13
893,2,0,18
894,6,0,3
895,3,1,10
896,2,0,20
897,3,0,13
898,1,0,8
899,3,0,13
900,8,0,15
901,4,0,6
902,6,1,1
903,2,0,3
904,0,1,18
905,2,0,13
906,6,0,10
907,2,1,13
908,5,1,10
909,7,1,3
910,2,0,7
911,4,1,20
912,7,0,13
913,2,0,18
914,5,1,13
915,7,0,5
916,2,0,4
917,1,1,18
918,5,0,17
919,2,0,13
920,3,1,1
921,1,1,18
922,2,1,0
923,1,0,18
924,2,0,13
925,0,1,16
926,6,0,5
927,1,0,14
928,1,0,18
929,5,0,17
930,2,1,17
931,8,0,3
932,8,0,3
933,2,0,18
934,8,0,4
935,5,0,2
936,1,0,13
937,6,0,3
938,4,1,19
939,2,1,18
940,3,0,0
941,1,0,18
942,6,1,10
943,1,0,18
944,2,0,14
945,4,0,3
946,3,0,13
947,0,1,13
948,6,0,14
949,4,0,4
950,0,0,18
951,7,0,3
952,3,0,18
953,2,0,18
954,3,0,5
955,5,0,17
956,3,1,12
957,7,0,0
958,3,0,3
959,1,0,17
960,2,1,10
961,5,0,6
962,5,0,4
963,4,1,0
964,4,0,3
965,2,0,14
966,6,1,3
967,2,0,14
968,1,1,18
969,2,0,18
970,4,1,13
971,5,0,10
972,3,0,13
973,4,0,4
974,1,1,18
975,8,0,13
976,0,0,18
977,1,0,5
978,2,0,0
979,2,1,10
980,3,0,17
981,8,0,15
982,3,0,14
983,3,0,14
984,5,1,20
985,1,0,18
986,0,0,18
987,2,0,14
988,1,0,20
989,7,1,7
990,1,0,18
991,2,0,20
992,3,0,14
993,1,1,18
994,0,1,18
995,5,0,4
996,1,0,4
997,2,1,10
998,3,0,4
999,8,1,15
1000,0,1,1
1001,2,0,18
1002,3,0,18
1003,3,0,14
1004,3,0,14
1005,2,0,13
1006,2,0,6
1007,3,0,11
1008,7,0,20
1009,1,0,13
1010,0,0,18
1011,6,1,20
1012,1,1,7
1013,6,1,3
1014,5,0,1
1015,5,0,14
1016,2,0,14
1017,7,0,6
1018,1,0,4
1019,7,0,20
1020,8,0,16
1021,5,1,20
1022,2,0,13
1023,5,0,10
1024,1,0,18
1025,8,0,3
1026,0,0,18
1027,1,1,18
1028,5,1,20
1029,1,1,18
1030,3,0,18
1031,5,1,20
1032,1,1,18
1033,8,0,13
1034,1,1,18
1035,8,0,13
1036,3,0,5
1037,7,0,3
1038,1,0,14
1039,2,0,19
1040,0,1,18
1041,2,0,18
1042,1,0,18
1043,7,1,3
1044,3,0,5
1045,3,0,11
1046,8,0,3
1047,5,0,13
1048,7,0,0
1049,2,1,1
1050,3,1,10
1051,3,1,10
1052,0,0,18
1053,2,0,3
1054,0,0,18
1055,8,1,10
1056,1,0,18
1057,7,1,7
1058,7,0,20
1059,5,0,0
1060,3,0,11
1061,7,0,3
1062,3,0,1
1063,3,0,0
1064,7,0,4
1065,3,0,5
1066,5,0,4
1067,2,1,0
1068,4,1,19
1069,0,1,1
1070,1,0,18
1071,2,0,18
1072,6,1,3
1073,3,1,3
1074,2,0,9
1075,4,1,0
1076,1,0,19
1077,6,1,10
1078,3,0,13
1079,5,0,1
1080,7,0,4
1081,1,0,10
1082,0,0,18
1083,1,0,18
1084,1,1,18
1085,6,0,0
1086,1,0,18
1087,2,0,18
1088,1,0,4
1089,2,1,1
1090,2,1,13
1091,4,0,4
1092,2,0,14
1093,3,0,4
1094,2,1,18
1095,2,0,18
1096,1,0,12
1097,3,1,1
1098,5,1,0
1099,2,0,9
1100,7,0,15
1101,1,1,18
1102,6,0,14
1103,0,0,5
1104,1,1,18
1105,2,1,0
1106,3,0,3
1107,2,0,13
1108,3,0,14
1109,2,0,18
1110,2,1,13
1111,0,0,18
1112,2,0,4
1113,6,1,7
1114,2,1,13
1115,6,0,0
1116,8,0,3
1117,2,1,3
1118,4,0,3
1119,0,0,18
1120,2,1,18
1121,3,0,10
1122,1,0,14
1123,8,0,15
1124,5,0,11
1125,3,0,14
1126,8,0,3
1127,4,0,11
1128,2,1,10
1129,3,0,3
1130,8,0,13
1131,5,0,4
1132,1,0,14
1133,3,0,3
1134,1,0,18
1135,1,1,18
1136,2,0,13
1137,3,0,19
1138,6,1,3
1139,2,0,13
1140,7,0,4
1141,7,0,6
1142,1,0,19
1143,6,0,0
1144,3,1,12
1145,5,0,14
1146,2,0,18
1147,2,0,4
1148,1,0,4
1149,5,0,10
1150,2,1,10
1151,2,0,18
1152,2,0,3
1153,8,0,16
1154,5,1,0
1155,7,0,3
1156,5,0,17
1157,1,0,18
1158,0,0,12
1159,4,0,10
1160,7,0,0
1161,6,1,3
1162,8,0,15
1163,6,0,13
1164,8,0,6
1165,2,0,20
1166,4,0,4
1167,1,0,4
1168,2,1,10
1169,2,0,19
1170,3,0,0
1171,1,0,18
1172,3,0,18
1173,1,1,18
1174,6,0,0
1175,3,0,13
1176,3,1,16
1177,3,0,5
1178,2,0,18
1179,8,0,4
1180,3,0,5
1181,1,0,18
1182,5,0,0
1183,4,0,0
1184,8,0,3
1185,1,0,18
1186,1,0,18
1187,1,0,13
1188,6,1,13
1189,1,0,19
1190,2,0,13
1191,1,0,4
1192,2,1,13
1193,2,1,13
1194,4,0,10
1195,2,1,1
1196,1,0,18
1197,5,1,20
1198,0,0,18
1199,2,0,0
1200,6,0,0
1201,6,0,14
1202,1,0,18
1203,1,0,18
1204,1,0,18
1205,5,1,20
1206,5,0,13
1207,2,0,14
1208,0,0,18
1209,5,1,20
1210,6,0,4
1211,7,0,0
1212,8,0,13
1213,2,0,5
1214,6,0,19
1215,7,0,4
1216,0,1,1
1217,7,0,3
1218,5,0,4
1219,2,1,7
1220,2,1,18
1221,5,1,7
1222,0,1,20
1223,4,1,3
1224,3,0,14
1225,5,0,13
1226,2,0,5
1227,1,0,4
1228,8,0,15
1229,1,0,18
1230,3,0,0
1231,2,0,13
1232,1,0,20
1233,4,1,0
1234,1,0,14
1235,1,0,10
1236,2,0,14
1237,4,0,16
1238,2,0,19
1239,2,0,9
1240,7,0,0
1241,8,0,13
1242,0,0,18
1243,4,0,4
1244,4,0,11
1245,1,1,18
1246,2,0,18
1247,8,1,10
1248,5,0,3
1249,4,0,11
1250,2,0,19
1251,2,1,13
1252,5,0,10
1253,4,0,4
1254,1,0,18
1255,4,0,3
1256,1,0,20
1257,1,1,1
1258,3,0,13
1259,3,0,18
1260,2,1,18
1261,0,0,18
1262,0,0,18
1263,3,0,13
1264,4,0,13
1265,3,0,13
1266,5,0,17
1267,2,1,18
1268,0,0,18
1269,6,1,7
1270,2,0,13
1271,0,0,18
1272,4,0,6
1273,5,0,4
1274,1,0,4
1275,0,0,18
1276,0,0,18
1277,2,0,13
1278,1,1,18
1279,2,0,13
1280,4,0,4
1281,4,0,4
1282,2,0,6
1283,5,0,4
1284,1,1,1
1285,3,0,3
1286,6,1,3
1287,2,0,13
1288,1,1,18
1289,1,0,14
1290,1,0,18
1291,2,0,18
1292,7,1,20
1293,1,1,18
1294,2,1,18
1295,2,0,13
1296,3,0,3
1297,7,0,3
1298,3,1,20
1299,4,0,13
1300,3,0,0
1301,4,1,1
1302,7,0,14
1303,3,0,5
1304,1,0,18
1305,2,0,13
1306,6,1,10
1307,0,1,18
1308,5,1,11
1309,3,0,5
1310,2,0,6
1311,5,1,0
1312,2,0,4
1313,2,1,13
1314,5,1,20
1315,3,0,11
1316,2,0,18
1317,7,1,7
1318,4,1,14
1319,6,0,10
1320,1,0,18
1321,2,0,9
1322,4,0,18
1323,2,1,13
1324,5,1,20
1325,2,0,18
1326,1,0,14
1327,4,0,16
1328,7,0,7
1329,7,1,7
1330,3,0,19
1331,4,1,20
1332,4,0,11
1333,4,0,20
1334,1,0,4
1335,8,0,3
1336,2,0,14
1337,1,0,18
1338,2,1,13
1339,1,0,14
1340,1,0,18
1341,5,1,10
1342,4,0,17
1343,5,0,4
1344,6,1,3
1345,0,1,18
1346,1,1,7
1347,2,0,18
1348,0,0,18
1349,0,1,18
1350,7,0,4
1351,2,0,13
1352,4,0,16
1353,2,0,18
1354,2,0,3
1355,1,0,4
1356,2,0,14
1357,1,0,18
1358,0,1,18
1359,2,0,5
1360,8,0,3
1361,1,1,18
1362,1,0,4
1363,3,0,4
1364,5,0,13
1365,1,0,12
1366,4,1,0
1367,6,0,4
1368,1,0,18
1369,0,1,18
1370,0,1,18
1371,1,0,18
1372,8,0,4
1373,0,0,18
1374,1,0,14
1375,2,1,10
1376,0,1,18
1377,6,0,19
1378,1,0,18
1379,3,0,13
1380,5,0,18
1381,0,0,18
1382,0,1,1
1383,6,0,3
1384,3,0,18
1385,0,0,18
1386,3,0,0
1387,4,0,13
1388,5,0,11
1389,3,0,0
1390,5,0,17
1391,7,1,0
1392,8,0,15
1393,4,0,3
1394,4,1,0
1395,1,0,14
1396,3,0,20
1397,3,0,13
1398,3,0,13
1399,2,1,18
1400,1,0,1
1401,5,0,3
1402,0,1,20
1403,1,0,14
1404,2,0,18
1405,5,0,2
1406,3,0,14
1407,5,0,6
1408,6,0,6
1409,1,0,19
1410,1,1,18
1411,6,0,14
1412,3,1,1
1413,8,0,15
1414,3,0,18
1415,7,1,3
1416,2,1,13
1417,5,0,4
1418,6,1,13
1419,1,0,14
1420,7,0,10
1421,5,1,6
1422,2,0,9
1423,1,0,18
1424,1,0,4
1425,7,0,15
1426,8,1,10
1427,0,1,18
1428,1,1,18
1429,5,0,3
1430,7,1,7
1431,8,0,15
1432,3,0,0
1433,3,0,5
1434,2,0,11
1435,1,1,18
1436,8,0,0
1437,3,1,13
1438,1,0,14
1439,0,0,18
1440,0,0,18
1441,0,0,18
1442,1,0,20
1443,2,0,13
1444,0,0,18
1445,6,0,3
1446,8,0,13
1447,1,0,19
1448,6,0,0
1449,7,1,7
1450,4,1,11
1451,0,0,18
1452,7,1,7
1453,5,0,6
1454,2,1,13
1455,0,0,13
1456,1,0,19
1457,1,0,18
1458,3,0,10
1459,0,0,18
1460,0,0,18
1461,1,0,18
1462,0,0,18
1463,5,0,0
1464,4,0,4
1465,3,1,12
1466,3,0,6
1467,0,0,18
1468,3,0,19
1469,0,0,13
1470,5,0,6
1471,2,0,18
1472,1,0,4
1473,7,0,3
1474,0,0,18
1475,1,0,18
1476,6,0,13
1477,2,0,1
1478,4,0,1
1479,3,1,10
1480,3,0,13
1481,6,0,13
1482,4,0,11
1483,0,0,18
1484,0,0,18
1485,3,0,6
1486,3,1,0
1487,7,1,7
1488,2,1,3
1489,1,1,13
1490,0,0,18
1491,4,1,13
1492,4,0,4
1493,4,0,10
1494,0,0,18
1495,8,0,4
1496,4,0,4
1497,2,1,13
1498,1,0,18
1499,5,0,11
1500,1,0,14
1501,0,1,18
1502,2,1,13
1503,6,1,3
1504,2,0,6
1505,2,0,14
1506,2,0,14
1507,5,0,4
1508,8,0,3
1509,2,0,18
1510,0,0,18
1511,1,0,13
1512,1,0,18
1513,1,0,12
1514,2,1,18
1515,0,0,18
1516,0,1,18
1517,3,0,0
1518,2,0,19
1519,4,0,4
1520,7,0,7
1521,3,0,19
1522,3,0,13
1523,3,1,3
1524,6,0,13
1525,2,1,14
1526,8,0,13
1527,7,0,3
1528,1,0,13
1529,8,0,4
1530,0,0,18
1531,3,0,5
1532,0,0,18
1533,4,1,0
1534,1,1,18
1535,1,1,18
1536,0,1,18
1537,1,0,18
1538,1,1,13
1539,4,1,3
1540,8,0,15
1541,0,1,20
1542,2,0,6
1543,2,0,3
1544,2,1,10
1545,7,1,10
1546,2,0,3
1547,1,0,6
1548,2,0,18
1549,3,0,4
1550,3,1,16
1551,3,0,13
1552,1,1,11
1553,2,1,3
1554,1,1,7
1555,7,0,6
1556,2,0,14
1557,3,0,6
1558,1,1,18
1559,6,0,3
1560,4,1,0
1561,5,0,4
1562,5,0,4
1563,6,0,4
1564,2,0,14
1565,3,0,14
1566,8,0,4
1567,3,1,17
1568,6,0,3
1569,7,0,0
1570,3,0,0
1571,1,0,18
1572,6,0,14
1573,4,0,6
1574,4,0,0
1575,2,0,17
1576,3,0,14
1577,1,0,18
1578,2,0,14
1579,2,0,13
1580,3,1,3
1581,5,0,3
1582,2,0,18
1583,1,0,19
1584,6,0,3
1585,2,0,13
1586,6,1,0
1587,8,0,4
1588,2,0,19
1589,8,0,13
1590,5,0,13
1591,2,0,19
1592,3,0,5
1593,4,0,9
1594,5,0,14
1595,3,0,3
1596,3,0,11
1597,1,1,18
1598,1,0,18
1599,0,0,18
1600,0,0,18
1601,0,0,13
1602,3,0,14
1603,7,1,20
1604,4,0,10
1605,5,1,20
1606,4,1,10
1607,3,0,4
1608,8,0,4
1609,8,0,0
1610,3,0,3
1611,7,1,7
1612,1,0,18
1613,8,0,4
1614,1,0,1
1615,4,1,3
1616,1,0,18
1617,1,0,5
1618,4,1,0
1619,6,1,3
1620,2,0,20
1621,2,0,13
1622,2,0,0
1623,3,0,3
1624,2,1,10
1625,5,1,20
1626,3,0,3
1627,1,0,14
1628,2,1,7
1629,1,0,12
1630,0,0,18
1631,4,1,13
1632,1,0,18
1633,2,0,20
1634,3,0,0
1635,3,0,14
1636,2,0,14
1637,6,0,3
1638,4,1,3
1639,2,0,14
1640,6,0,14
1641,3,0,14
1642,2,0,18
1643,1,1,8
1644,4,1,10
1645,2,0,3
1646,6,0,3
1647,2,0,18
1648,3,0,20
1649,6,0,14
1650,2,0,17
1651,4,1,0
1652,7,0,3
1653,5,0,4
1654,3,0,4
1655,2,0,20
1656,7,0,10
1657,2,0,1
1658,1,0,18
1659,3,0,14
1660,3,0,10
1661,5,1,20
1662,5,0,0
1663,7,0,3
1664,0,0,18
1665,8,0,4
1666,1,0,14
1667,4,1,11
1668,7,0,4
1669,0,0,18
1670,4,0,6
1671,3,0,13
1672,5,1,8
1673,4,0,14
1674,2,1,18
1675,4,0,13
1676,2,0,0
1677,2,0,20
1678,0,0,18
1679,2,0,4
1680,4,0,6
1681,5,1,20
1682,4,0,0
1683,0,1,18
1684,2,1,18
1685,2,1,20
1686,3,0,14
1687,3,1,3
1688,2,1,7
1689,1,1,1
1690,4,0,13
1691,2,0,18
1692,4,0,18
1693,6,0,14
1694,1,0,5
1695,3,0,13
1696,4,1,4
1697,8,0,6
1698,3,0,4
1699,4,0,1
1700,3,0,17
1701,2,0,9
1702,3,0,1
1703,3,0,3
1704,6,0,3
1705,3,0,19
1706,7,0,2
1707,2,0,6
1708,1,1,18
1709,3,0,5
1710,5,0,4
1711,3,0,0
1712,3,1,10
1713,4,1,0
1714,1,0,18
1715,2,0,3
1716,1,0,19
1717,1,1,18
1718,8,0,15
1719,3,0,19
1720,1,0,4
1721,4,0,3
1722,1,0,13
1723,1,0,18
1724,1,0,18
1725,4,0,0
1726,3,0,14
1727,8,0,19
1728,2,0,20
1729,6,1,10
1730,5,1,20
1731,7,1,10
1732,2,0,18
1733,3,0,0
1734,2,1,18
1735,1,1,13
1736,1,0,5
1737,0,0,18
1738,3,0,13
1739,2,1,3
1740,2,1,13
1741,8,1,10
1742,1,0,14
1743,3,0,5
1744,6,0,3
1745,2,0,19
1746,0,0,13
1747,1,0,18
1748,5,0,5
1749,1,0,4
1750,1,0,18
1751,2,0,18
1752,0,0,18
1753,3,0,10
1754,0,0,18
1755,7,0,6
1756,3,1,0
1757,7,1,0
1758,3,0,13
1759,4,0,4
1760,5,1,6
1761,2,0,19
1762,5,0,4
1763,6,0,20
1764,2,0,19
1765,3,1,10
1766,2,0,18
1767,0,1,18
1768,4,0,0
1769,4,0,0
1770,1,0,14
1771,0,1,18
1772,2,0,18
1773,3,0,3
1774,3,1,20
1775,1,1,1
1776,4,0,9
1777,8,0,3
1778,2,0,13
1779,0,0,18
1780,2,1,14
1781,1,0,4
1782,2,0,14
1783,2,0,14
1784,3,0,6
1785,5,1,3
1786,4,0,0
1787,0,0,18
1788,1,0,18
1789,6,0,13
1790,1,0,14
1791,3,0,3
1792,6,1,3
1793,4,0,10
1794,6,0,14
1795,2,1,10
1796,1,0,18
1797,2,0,14
1798,8,0,19
1799,3,0,19
1800,5,0,4
1801,3,0,11
1802,6,0,3
1803,1,1,7
1804,4,1,13
1805,2,0,20
1806,0,0,18
1807,1,0,4
1808,2,1,14
1809,2,0,20
1810,2,1,3
1811,2,0,13
1812,0,1,18
1813,5,1,13
1814,3,0,10
1815,2,1,3
1816,2,0,18
1817,4,1,3
1818,1,0,4
1819,1,0,13
1820,3,0,19
1821,4,0,18
1822,2,0,13
1823,5,0,10
1824,3,0,3
1825,1,0,13
1826,3,0,5
1827,6,1,3
1828,1,0,18
1829,8,0,10
1830,3,1,10
1831,3,0,14
1832,1,0,20
1833,4,0,20
1834,2,0,18
1835,6,0,3
1836,1,0,4
1837,1,0,0
1838,3,0,5
1839,4,1,3
1840,8,0,3
1841,3,0,0
1842,4,0,18
1843,1,0,19
1844,5,0,4
1845,2,1,10
1846,3,0,5
1847,1,0,18
1848,1,1,18
1849,1,1,11
1850,5,0,10
1851,3,0,4
1852,6,0,10
1853,1,0,18
1854,5,1,0
1855,4,0,13
1856,2,1,10
1857,1,0,19
1858,3,0,3
1859,1,0,18
1860,0,0,18
1861,0,1,18
1862,5,1,20
1863,2,0,0
1864,2,0,18
1865,5,1,13
1866,2,0,18
1867,6,1,13
1868,0,0,18
1869,0,0,18
1870,4,0,17
1871,8,0,13
1872,1,0,0
1873,2,0,4
1874,0,1,18
1875,5,1,7
1876,2,0,4
1877,0,0,18
1878,2,0,18
1879,2,0,20
1880,1,0,18
1881,8,0,15
1882,4,1,0
1883,0,1,18
1884,8,0,15
1885,1,0,18
1886,2,0,13
1887,2,0,18
1888,1,0,18
1889,0,1,18
1890,0,1,18
1891,3,0,4
1892,5,1,20
1893,2,0,18
1894,2,0,4
1895,4,1,4
1896,5,0,6
1897,3,0,5
1898,2,0,6
1899,2,0,19
1900,7,0,0
1901,2,1,3
1902,6,0,3
1903,3,0,17
1904,2,1,10
1905,8,0,2
1906,4,0,6
1907,1,0,18
1908,6,0,0
1909,3,0,0
1910,4,1,18
1911,0,1,18
1912,1,0,16
1913,2,0,4
1914,6,1,13
1915,4,0,17
1916,7,0,15
1917,0,0,18
1918,1,0,14
1919,7,1,0
1920,8,0,3
1921,5,0,6
1922,3,1,12
1923,3,0,20
1924,2,0,19
1925,3,0,3
1926,6,0,13
1927,2,1,18
1928,1,0,18
1929,1,0,18
1930,2,0,14
1931,2,0,4
1932,0,1,18
1933,3,0,18
1934,5,0,13
1935,0,0,13
1936,8,0,3
1937,2,0,4
1938,1,0,18
1939,3,0,13
1940,5,1,0
1941,2,0,18
1942,1,0,5
1943,2,0,20
1944,0,0,18
1945,3,0,10
1946,4,0,4
1947,7,0,14
1948,5,0,13
1949,5,0,7
1950,3,0,19
1951,1,0,18
1952,4,0,9
1953,7,0,13
1954,2,0,5
1955,0,0,18
1956,3,0,6
1957,5,0,0
1958,4,0,11
1959,2,0,18
1960,2,0,19
1961,3,0,4
1962,0,0,18
1963,3,1,3
1964,3,0,13
1965,3,0,3
1966,7,0,6
1967,2,0,18
1968,3,1,8
1969,6,0,13
1970,0,1,18
1971,5,0,0
1972,3,0,10
1973,5,0,14
1974,2,0,14
1975,2,0,18
1976,4,1,14
1977,4,0,6
1978,8,1,10
1979,3,0,3
1980,8,0,15
1981,2,0,14
1982,5,0,0
1983,5,0,13
1984,7,1,3
1985,6,0,9
1986,2,0,14
1987,7,0,3
1988,2,0,1
1989,2,0,18
1990,5,1,20
1991,1,1,0
1992,6,0,0
1993,1,0,13
1994,4,0,4
1995,2,0,18
1996,7,1,0
1997,2,0,13
1998,0,0,18
1999,4,0,3
2000,1,0,14
2001,2,0,18
2002,2,0,3
2003,1,0,13
2004,3,0,14
2005,1,0,4
2006,4,1,18
2007,7,0,3
2008,3,0,1
2009,1,0,4
2010,1,0,19
2011,1,0,5
2012,1,0,18
2013,4,0,0
2014,3,0,14
2015,3,1,10
2016,7,0,4
2017,2,0,0
2018,7,0,9
2019,1,0,18
2020,2,0,0
2021,2,0,18
2022,3,0,0
2023,3,0,6
2024,3,0,14
2025,1,0,19
2026,1,0,18
2027,2,0,18
2028,4,0,10
2029,2,0,19
2030,2,0,14
2031,5,0,19
2032,4,0,10
2033,4,0,6
2034,6,0,19
2035,1,0,18
2036,8,0,3
2037,2,1,13
2038,2,1,1
2039,3,1,3
2040,1,1,13
2041,6,0,6
2042,8,0,3
2043,1,0,8
2044,2,0,2
2045,8,0,0
2046,4,0,0
2047,0,0,18
2048,0,1,18
2049,5,0,0
2050,4,0,14
2051,1,0,18
2052,2,1,10
2053,5,0,4
2054,2,0,4
2055,2,0,13
2056,3,1,10
2057,3,0,9
2058,1,0,19
2059,4,1,14
2060,2,1,13
2061,3,0,14
2062,2,0,19
2063,2,0,6
2064,4,0,18
2065,3,0,6
2066,2,0,18
2067,3,1,13
2068,3,0,14
2069,4,1,13
2070,1,0,18
2071,2,0,18
2072,8,0,15
2073,6,0,0
2074,6,0,13
2075,8,0,15
2076,3,1,1
2077,2,1,13
2078,2,1,0
2079,2,0,14
2080,5,0,0
2081,3,0,13
2082,1,1,7
2083,1,1,1
2084,4,1,0
2085,4,0,4
2086,0,0,18
2087,1,1,7
2088,1,0,4
2089,4,0,0
2090,6,0,3
2091,5,1,13
2092,4,0,17
2093,2,0,18
2094,2,0,18
2095,3,0,13
2096,1,0,18
2097,8,0,15
2098,4,0,11
2099,3,1,20
2100,8,0,3
2101,1,0,8
2102,7,1,10
2103,3,0,13
2104,1,1,7
2105,3,1,12
2106,5,0,17
2107,2,0,18
2108,1,0,18
2109,7,1,0
2110,4,0,11
2111,1,0,18
2112,7,0,3
2113,7,0,2
2114,3,0,20
2115,1,0,14
2116,1,0,18
2117,2,0,13
2118,1,0,4
2119,6,1,3
2120,8,1,12
2121,2,0,3
2122,3,1,16
2123,6,0,10
2124,8,0,15
2125,3,0,10
2126,0,0,18
2127,6,0,14
2128,4,0,14
2129,2,0,18
2130,0,0,18
2131,4,0,0
2132,8,0,0
2133,6,0,20
2134,5,0,3
2135,8,0,3
2136,6,0,4
2137,6,1,7
2138,2,0,6
2139,4,0,14
2140,1,1,18
2141,1,0,18
2142,5,0,13
2143,1,1,18
2144,3,0,4
2145,1,0,4
2146,3,1,10
2147,1,0,19
2148,2,0,18
2149,5,0,13
2150,3,0,3
2151,6,0,0
2152,8,0,3
2153,0,0,18
2154,0,0,18
2155,2,0,19
2156,3,0,19
2157,7,0,13
2158,0,0,18
2159,3,1,12
2160,2,1,13
2161,8,1,10
2162,6,1,10
2163,8,0,16
2164,5,1,7
2165,3,0,6
2166,2,0,14
2167,2,1,3
2168,0,1,18
2169,6,0,19
2170,4,0,11
2171,2,0,4
2172,3,0,13
2173,5,1,0
2174,2,1,12
2175,2,0,14
2176,2,0,13
2177,1,0,18
2178,3,0,13
2179,1,0,18
2180,1,0,18
2181,3,0,13
2182,3,0,20
2183,5,1,13
2184,0,1,20
2185,8,0,15
2186,1,0,16
2187,0,0,18
2188,2,1,10
2189,8,0,15
2190,5,0,0
2191,6,0,2
2192,3,1,13
2193,7,0,3
2194,2,0,18
2195,4,0,18
2196,4,0,9
2197,4,0,14
2198,1,0,18
2199,6,1,3
2200,7,0,7
2201,3,0,18
2202,2,0,0
2203,1,0,19
2204,4,0,4
2205,1,0,13
2206,2,0,19
2207,1,1,1
2208,6,1,7
2209,6,0,3
2210,2,0,18
2211,2,0,19
2212,4,0,4
2213,6,0,19
2214,0,0,18
2215,3,0,4
2216,1,1,1
2217,2,0,4
2218,0,0,18
2219,2,0,19
2220,1,0,17
2221,1,0,14
2222,6,0,3
2223,7,1,0
2224,8,0,15
2225,2,1,10
2226,1,0,4
2227,3,0,17
2228,1,1,7
2229,1,1,18
2230,2,0,19
2231,6,0,3
2232,7,0,20
2233,7,1,0
2234,1,1,1
2235,4,1,10
2236,4,0,18
2237,4,0,3
2238,0,0,18
2239,3,0,17
2240,1,0,14
2241,5,0,14
2242,2,0,4
2243,1,0,18
2244,2,0,4
2245,1,0,18
2246,1,0,18
2247,5,0,4
2248,0,1,18
2249,0,1,20
2250,3,0,9
2251,4,0,4
2252,1,1,18
2253,2,0,6
2254,4,0,20
2255,6,0,3
2256,4,1,0
2257,3,0,10
2258,2,1,10
2259,4,1,0
2260,2,0,13
2261,2,0,14
2262,4,0,4
2263,3,0,19
2264,2,0,13
2265,3,0,6
2266,4,0,4
2267,0,0,13
2268,3,0,14
2269,2,0,6
2270,2,0,14
2271,5,0,11
2272,5,0,11
2273,5,1,20
2274,3,0,0
2275,4,0,4
2276,2,0,13
2277,6,0,0
2278,2,1,13
2279,1,0,17
2280,1,0,4
2281,8,0,3
2282,5,1,20
2283,3,0,4
2284,5,0,4
2285,2,0,6
2286,0,1,18
2287,5,1,20
2288,1,0,4
2289,2,0,20
2290,3,0,5
2291,2,0,20
2292,2,1,17
2293,1,0,18
2294,8,1,10
2295,4,0,4
2296,3,0,0
2297,5,0,4
2298,3,0,10
2299,4,0,0
2300,0,1,20
2301,3,1,1
2302,3,0,0
2303,3,0,18
2304,1,0,5
2305,4,0,3
2306,4,0,17
2307,1,0,18
2308,1,0,20
2309,7,1,9
2310,6,0,4
2311,2,0,4
2312,4,0,13
2313,3,0,3
2314,1,0,19
2315,3,0,5
2316,2,0,13
2317,3,0,10
2318,2,1,18
2319,7,0,3
2320,4,0,18
2321,2,0,4
2322,5,0,6
2323,5,0,14
2324,1,1,18
2325,2,0,14
2326,6,1,3
2327,1,0,18
2328,2,0,18
2329,8,0,15
2330,3,0,0
2331,1,1,18
2332,1,0,14
2333,2,0,14
2334,2,0,18
2335,8,0,6
2336,2,1,13
2337,0,1,18
2338,2,0,14
2339,5,0,0
2340,1,0,13
2341,7,0,6
2342,2,0,18
2343,4,1,3
2344,8,0,19
2345,6,0,0
2346,7,0,3
2347,1,0,18
2348,3,0,14
2349,4,0,6
2350,0,0,18
2351,3,0,14
2352,0,0,18
2353,1,1,18
2354,3,0,19
2355,1,0,18
2356,6,0,10
2357,0,0,18
2358,1,0,14
2359,2,0,20
2360,4,0,13
2361,0,0,18
2362,4,0,0
2363,7,0,20
2364,1,0,18
2365,8,0,15
2366,0,0,12
2367,0,0,18
2368,1,1,7
2369,2,0,14
2370,8,0,13
2371,1,0,14
2372,8,0,15
2373,6,0,10
2374,3,0,13
2375,3,0,13
2376,3,1,12
2377,4,1,3
2378,1,0,18
2379,3,1,13
2380,1,0,14
2381,3,0,5
2382,3,0,1
2383,2,0,1
2384,1,0,19
2385,3,0,0
2386,5,1,11
2387,2,0,20
2388,0,1,18
2389,5,1,20
2390,1,0,14
2391,7,0,14
2392,5,1,6
2393,2,0,14
2394,8,0,13
2395,0,1,18
2396,2,0,20
2397,7,1,3
2398,3,0,9
2399,6,0,10
2400,0,1,18
2401,0,1,18
2402,0,1,1
2403,4,0,1
2404,1,0,20
2405,0,0,18
2406,4,0,18
2407,6,1,0
2408,0,1,18
2409,5,0,14
2410,2,0,13
2411,1,1,18
2412,3,0,17
2413,2,0,4
2414,1,0,18
2415,1,1,18
2416,6,0,19
2417,2,1,13
2418,6,0,0
2419,0,0,18
2420,2,0,0
2421,0,0,18
2422,2,0,13
2423,6,0,10
2424,6,0,13
2425,1,0,18
2426,3,1,20
2427,1,0,18
2428,2,0,14
2429,2,0,18
2430,0,1,18
2431,3,0,5
2432,6,0,14
2433,2,0,18
2434,0,0,18
2435,7,1,20
2436,8,0,4
2437,5,1,10
2438,0,0,18
2439,0,0,18
2440,0,0,12
2441,2,1,13
2442,8,0,15
2443,2,1,7
2444,2,0,18
2445,1,1,18
2446,2,0,18
2447,1,1,18
2448,3,0,14
2449,2,0,18
2450,0,0,13
2451,4,0,19
2452,1,0,18
2453,5,0,18
2454,1,0,4
2455,3,1,20
2456,6,0,19
2457,5,1,13
2458,1,0,13
2459,0,1,18
2460,2,0,18
2461,2,0,13
2462,0,0,18
2463,2,0,0
2464,3,0,14
2465,1,0,18
2466,1,1,18
2467,3,0,4
2468,4,1,3
2469,1,0,18
2470,3,0,5
2471,1,0,18
2472,3,0,4
2473,1,0,14
2474,2,1,3
2475,0,0,18
2476,1,0,18
2477,3,0,13
2478,2,0,9
2479,6,0,0
2480,0,1,20
2481,6,0,13
2482,5,1,7
2483,2,0,18
2484,1,0,14
2485,2,0,2
2486,2,1,10
2487,4,0,4
2488,7,1,3
2489,3,1,3
2490,3,0,6
2491,8,0,13
2492,1,0,18
2493,1,0,18
2494,1,0,4
2495,3,0,13
2496,2,1,3
2497,1,0,18
2498,4,1,12
2499,4,0,10
2500,3,0,1
2501,1,0,18
2502,7,1,0
2503,3,0,13
2504,3,0,3
2505,1,0,4
2506,3,0,3
2507,7,0,3
2508,2,0,18
2509,2,0,14
2510,8,0,0
2511,2,0,20
2512,1,0,13
2513,2,0,18
2514,5,0,0
2515,1,0,4
2516,3,0,6
2517,7,1,7
2518,3,0,3
2519,2,0,13
2520,2,0,14
2521,1,0,19
2522,2,0,4
2523,8,0,15
2524,2,1,18
2525,4,1,18
2526,2,0,18
2527,0,0,18
2528,1,0,19
2529,6,1,7
2530,1,0,18
2531,8,0,15
2532,3,0,14
2533,3,1,10
2534,0,1,18
2535,7,0,3
2536,3,1,13
2537,2,0,6
2538,5,0,3
2539,1,0,18
2540,0,1,18
2541,3,0,11
2542,7,0,13
2543,7,0,0
2544,1,0,14
2545,5,0,14
2546,4,0,10
2547,5,0,13
2548,4,0,11
2549,0,0,18
2550,5,0,13
2551,1,0,4
2552,1,0,18
2553,0,0,18
2554,4,0,10
2555,1,1,7
2556,4,1,13
2557,1,0,18
2558,8,0,3
2559,5,0,4
2560,4,0,1
2561,3,0,14
2562,6,0,14
2563,5,0,3
2564,5,0,10
2565,6,0,3
2566,7,0,0
2567,8,0,3
2568,0,1,18
2569,1,0,18
2570,6,0,3
2571,2,0,14
2572,2,1,7
2573,1,1,18
2574,5,0,11
2575,4,0,6
2576,7,1,0
2577,4,0,4
2578,1,0,18
2579,6,0,14
2580,3,0,18
2581,1,0,13
2582,1,1,18
2583,1,1,18
2584,4,0,16
2585,2,0,4
2586,2,0,14
2587,4,0,6
2588,0,0,12
2589,5,1,3
2590,6,0,3
2591,0,0,18
2592,7,0,0
2593,7,0,3
2594,1,0,18
2595,7,1,3
2596,4,1,0
2597,8,0,4
2598,2,0,18
2599,7,0,3
2600,4,1,18
2601,0,0,13
2602,6,1,3
2603,5,0,13
2604,3,0,6
2605,6,0,0
2606,1,0,18
2607,4,1,3
2608,5,1,20
2609,3,0,5
2610,3,0,18
2611,2,0,14
2612,8,0,19
2613,2,1,13
2614,1,0,20
2615,2,0,13
2616,3,0,19
2617,3,0,6
2618,4,0,1
2619,8,0,15
2620,1,0,4
2621,2,0,14
2622,3,1,0
2623,4,0,19
2624,8,0,15
2625,2,0,18
2626,7,0,14
2627,1,0,18
2628,8,0,4
2629,3,0,18
2630,2,0,18
2631,2,1,10
2632,1,0,18
2633,2,1,14
2634,3,0,0
2635,7,0,7
2636,2,0,14
2637,3,0,14
2638,1,0,18
2639,5,0,17
2640,4,0,18
2641,5,1,20
2642,7,0,6
2643,5,0,4
2644,3,0,3
2645,0,0,18
2646,3,0,3
2647,1,0,5
2648,2,1,13
2649,2,1,10
2650,7,0,20
2651,7,0,3
2652,2,0,13
2653,0,0,18
2654,2,1,13
2655,1,0,20
2656,4,0,0
2657,0,0,18
2658,2,1,13
2659,1,0,0
2660,3,0,13
2661,1,0,16
2662,0,0,18
2663,1,0,4
2664,2,0,14
2665,2,0,14
2666,8,0,0
2667,2,0,6
2668,3,0,5
2669,7,0,20
2670,2,1,9
2671,1,0,18
2672,3,0,0
2673,1,0,12
2674,4,0,3
2675,3,0,18
2676,5,1,10
2677,1,0,4
2678,1,0,20
2679,4,1,0
2680,5,0,4
2681,7,1,20
2682,2,1,13
2683,6,0,14
2684,2,0,14
2685,1,0,18
2686,4,0,18
2687,3,0,13
2688,1,0,18
2689,7,0,20
2690,4,1,3
2691,6,0,10
2692,3,0,18
2693,1,0,5
2694,7,1,13
2695,1,0,4
2696,2,0,18
2697,4,1,3
2698,1,1,18
2699,8,0,3
2700,2,0,1
2701,3,0,14
2702,0,0,18
2703,4,0,9
2704,3,0,6
2705,7,0,3
2706,7,1,3
2707,4,0,17
2708,5,1,20
2709,3,0,5
2710,2,0,13
2711,2,1,13
2712,4,1,4
2713,1,0,16
2714,2,0,18
2715,6,0,17
2716,0,1,18
2717,2,0,10
2718,2,0,19
2719,8,0,3
2720,5,0,4
2721,6,0,20
2722,4,0,0
2723,6,0,3
2724,1,0,18
2725,1,0,4
2726,2,0,19
2727,2,0,14
2728,2,0,2
2729,2,0,14
2730,1,0,18
2731,3,0,10
2732,2,0,14
2733,2,0,9
2734,8,0,11
2735,2,0,20
2736,3,1,10
2737,6,1,0
2738,7,1,7
2739,2,0,13
2740,3,0,1
2741,1,0,19
2742,1,0,18
2743,4,0,3
2744,1,0,12
2745,7,1,3
2746,6,1,0
2747,5,0,3
2748,1,0,5
2749,6,0,3
2750,0,0,18
2751,7,0,3
2752,4,0,17
2753,2,0,20
2754,2,0,13
2755,5,0,4
2756,4,1,3
2757,2,0,18
2758,2,1,14
2759,6,0,6
2760,3,0,14
2761,4,0,0
2762,3,1,16
2763,4,0,1
2764,4,0,10
2765,3,0,5
2766,5,0,0
2767,5,0,18
2768,2,1,3
2769,1,0,19
2770,7,0,10
2771,7,0,0
2772,4,1,4
2773,2,0,6
2774,1,1,18
2775,6,0,3
2776,1,1,5
2777,4,0,1
2778,4,0,0
2779,0,0,18
2780,3,0,13
2781,3,0,14
2782,2,0,13
2783,2,0,14
2784,3,0,3
2785,1,1,7
2786,3,0,4
2787,3,0,14
2788,4,1,4
2789,0,0,13
2790,0,0,18
2791,3,0,11
2792,6,0,4
2793,5,0,13
2794,0,0,18
2795,6,0,3
2796,1,0,20
2797,2,0,13
2798,1,0,4
2799,2,1,10
2800,2,0,13
2801,3,1,7
2802,0,0,18
2803,1,0,4
2804,4,1,3
2805,5,0,4
2806,4,0,3
2807,4,1,13
2808,2,1,0
2809,1,0,18
2810,1,0,18
2811,1,0,18
2812,4,0,14
2813,5,0,4
2814,1,1,18
2815,0,0,18
2816,0,0,5
2817,0,0,13
2818,2,0,4
2819,2,0,18
2820,4,0,0
2821,3,0,5
2822,5,0,0
2823,2,0,6
2824,0,1,18
2825,1,0,13
2826,4,0,9
2827,2,0,4
2828,8,0,0
2829,1,0,13
2830,3,0,6
2831,3,1,8
2832,1,0,19
2833,3,0,4
2834,1,0,19
2835,4,0,6
2836,2,0,4
2837,7,0,3
2838,0,0,18
2839,1,0,18
2840,2,0,4
2841,1,0,4
2842,1,0,19
2843,1,1,1
2844,2,0,6
2845,6,0,3
2846,3,0,3
2847,2,0,9
2848,1,0,18
2849,1,1,7
2850,2,0,18
2851,7,1,13
2852,8,0,13
2853,1,0,20
2854,2,0,6
2855,2,1,18
2856,2,0,14
2857,5,1,13
2858,6,0,14
2859,1,0,4
2860,7,1,0
2861,5,1,20
2862,6,0,2
2863,4,0,4
2864,1,0,18
2865,3,0,3
2866,5,0,0
2867,4,0,16
2868,3,0,11
2869,4,1,0
2870,2,0,18
2871,3,0,13
2872,7,1,0
2873,4,1,18
2874,2,0,0
2875,2,1,13
2876,2,0,4
2877,5,0,4
2878,0,0,18
2879,3,1,10
2880,2,1,13
2881,3,0,5
2882,2,0,14
2883,3,0,6
2884,3,1,10
2885,4,1,13
2886,2,0,14
2887,0,0,18
2888,1,0,4
2889,3,0,5
2890,6,0,3
2891,4,0,4
2892,2,0,4
2893,1,0,4
2894,6,0,13
2895,0,0,13
2896,2,0,13
2897,3,0,17
2898,8,0,15
2899,4,0,4
2900,3,1,10
2901,1,0,4
2902,1,1,7
2903,6,1,0
2904,2,0,18
2905,1,0,18
2906,2,0,18
2907,6,0,3
2908,4,1,5
2909,1,0,19
2910,3,0,4
2911,4,0,4
2912,3,0,17
2913,1,0,20
2914,0,0,13
2915,3,0,20
2916,2,1,9
2917,5,0,10
2918,2,0,4
2919,2,0,14
2920,1,0,19
2921,6,0,17
2922,1,0,12
2923,2,1,3
2924,4,0,11
2925,1,0,4
2926,2,0,18
2927,2,0,13
2928,3,0,18
2929,1,0,18
2930,4,1,12
2931,1,0,18
2932,8,0,0
2933,5,0,6
2934,3,0,1
2935,1,0,18
2936,1,0,20
2937,2,0,18
2938,7,1,10
2939,2,0,13
2940,0,0,18
2941,5,1,10
2942,4,0,9
2943,1,0,18
2944,2,0,2
2945,7,0,20
2946,2,0,18
2947,1,0,14
2948,1,0,18
2949,8,0,15
2950,1,0,0
2951,2,0,18
2952,2,0,4
2953,1,1,18
2954,4,1,13
2955,6,0,19
2956,0,0,18
2957,0,1,18
2958,1,0,18
2959,4,1,20
2960,6,0,3
2961,6,0,0
2962,4,0,6
2963,4,0,4
2964,2,0,19
2965,8,0,15
2966,3,0,3
2967,0,0,18
2968,3,0,11
2969,4,0,3
2970,6,0,3
2971,0,0,18
2972,2,0,19
2973,4,0,10
2974,3,0,0
2975,0,0,13
2976,2,0,14
2977,5,1,10
2978,1,1,18
2979,4,1,3
2980,2,0,18
2981,4,0,9
2982,6,0,3
2983,3,0,14
2984,5,1,7
2985,2,1,3
2986,1,0,18
2987,1,0,14
2988,2,1,18
2989,0,0,18
2990,1,0,19
2991,5,1,0
2992,4,0,6
2993,8,1,10
2994,6,0,17
2995,2,1,14
2996,2,0,13
2997,4,0,17
2998,2,0,10
2999,3,0,6
3000,6,0,0
3001,6,0,4
3002,8,0,3
3003,6,0,0
3004,1,0,18
3005,0,0,13
3006,6,1,0
3007,1,0,18
3008,1,0,18
3009,5,0,11
3010,4,0,20
3011,7,0,0
3012,5,0,13
3013,0,0,18
3014,5,1,20
3015,1,0,4
3016,8,0,15
3017,2,1,20
3018,2,0,4
3019,6,0,6
3020,2,1,0
3021,2,1,13
3022,4,1,0
3023,3,0,13
3024,2,0,14
3025,5,0,10
3026,5,0,4
3027,1,1,13
3028,0,0,18
3029,5,1,0
3030,7,0,6
3031,3,0,14
3032,6,0,1
3033,2,0,18
3034,4,1,0
3035,8,0,6
3036,2,1,13
3037,1,0,8
3038,0,0,18
3039,3,1,12
3040,2,0,4
3041,4,0,20
3042,1,0,18
3043,0,0,18
3044,1,0,18
3045,4,0,13
3046,0,0,18
3047,1,0,20
3048,4,0,4
3049,6,0,3
3050,6,0,6
3051,4,1,0
3052,7,1,20
3053,4,1,0
3054,5,1,0
3055,1,0,0
3056,2,0,18
3057,6,0,20
3058,1,0,14
3059,1,0,16
3060,2,0,13
3061,5,0,11
3062,1,0,4
3063,8,0,3
3064,7,0,3
3065,4,1,0
3066,3,0,4
3067,1,0,19
3068,0,0,18
3069,3,0,0
3070,4,1,3
3071,1,0,14
3072,3,0,17
3073,1,0,18
3074,3,0,13
3075,2,0,0
3076,5,0,14
3077,2,0,20
3078,4,0,4
3079,2,0,13
3080,1,0,14
3081,1,0,18
3082,3,0,4
3083,6,0,3
3084,1,0,18
3085,2,0,9
3086,3,0,6
3087,4,0,4
3088,1,0,18
3089,2,0,0
3090,8,0,3
3091,8,0,16
3092,4,1,18
3093,3,1,16
3094,0,0,18
3095,3,1,16
3096,3,0,9
3097,1,0,20
3098,3,0,13
3099,3,1,3
3100,0,0,13
3101,4,0,16
3102,2,0,14
3103,0,0,18
3104,2,0,2
3105,8,0,11
3106,5,0,14
3107,2,1,13
3108,2,1,13
3109,7,1,0
3110,3,0,13
3111,1,0,18
3112,1,0,4
3113,1,0,4
3114,3,0,4
3115,2,0,13
3116,1,0,5
3117,1,0,18
3118,7,1,13
3119,2,0,13
3120,3,1,13
3121,2,1,13
3122,4,0,17
3123,1,0,5
3124,1,0,18
3125,0,0,18
3126,8,0,3
3127,2,0,14
3128,7,1,0
3129,4,0,3
3130,5,0,4
3131,0,0,18
3132,3,0,1
3133,5,0,7
3134,1,1,7
3135,6,0,10
3136,6,1,6
3137,6,1,20
3138,3,0,4
3139,6,1,0
3140,2,0,9
3141,4,0,10
3142,2,0,6
3143,3,0,5
3144,1,0,4
3145,2,0,4
3146,3,0,4
3147,2,1,10
3148,0,0,18
3149,3,1,10
3150,2,0,0
3151,3,0,5
3152,3,0,13
3153,2,0,19
3154,3,1,12
3155,4,0,9
3156,0,1,18
3157,1,0,14
3158,2,0,20
3159,0,1,18
3160,3,0,13
3161,2,0,14
3162,2,0,20
3163,2,0,13
3164,6,0,20
3165,7,0,7
3166,5,1,20
3167,3,0,20
3168,4,1,12
3169,5,0,4
3170,1,0,12
3171,1,0,4
3172,4,0,14
3173,1,1,18
3174,2,0,19
3175,2,0,18
3176,8,0,3
3177,3,0,10
3178,3,1,10
3179,5,0,7
3180,1,0,18
3181,7,0,5
3182,5,0,3
3183,1,0,4
3184,1,0,18
3185,5,0,4
3186,2,1,18
3187,5,0,10
3188,1,1,13
3189,2,0,19
3190,3,1,3
3191,2,0,10
3192,2,0,20
3193,2,0,4
3194,1,0,18
3195,2,0,18
3196,2,0,14
3197,5,0,4
3198,2,0,14
3199,4,0,13
3200,2,1,3
3201,0,1,18
3202,1,0,18
3203,2,0,4
3204,2,0,13
3205,3,0,3
3206,6,0,17
3207,1,0,19
3208,6,0,3
3209,4,0,1
3210,6,0,3
3211,5,1,20
3212,0,0,13
3213,1,0,18
3214,5,1,13
3215,0,1,18
3216,1,0,18
3217,1,0,18
3218,5,0,18
3219,2,0,6
3220,2,1,0
3221,1,0,19
3222,1,1,11
3223,3,0,3
3224,3,0,14
3225,7,1,20
3226,4,1,13
3227,3,0,4
3228,4,1,13
3229,2,0,4
3230,0,1,20
3231,3,0,13
3232,7,0,3
3233,1,1,18
3234,3,0,14
3235,1,1,18
3236,6,0,7
3237,1,1,18
3238,3,0,6
3239,4,0,1
3240,2,0,18
3241,8,0,17
3242,6,0,14
3243,0,0,18
3244,4,0,3
3245,1,0,20
3246,7,0,6
3247,1,0,18
3248,2,1,10
3249,6,0,3
3250,7,0,9
3251,4,1,0
3252,2,0,20
3253,3,1,20
3254,7,0,0
3255,4,0,0
3256,5,0,20
3257,5,0,0
3258,3,1,16
3259,3,0,11
3260,3,0,5
3261,3,0,3
3262,3,0,17
3263,3,0,17
3264,1,1,18
3265,3,0,16
3266,3,0,3
3267,2,0,14
3268,4,1,18
3269,3,0,20
3270,2,0,9
3271,7,1,7
3272,2,1,13
3273,6,0,0
3274,3,0,14
3275,1,0,5
3276,6,0,2
3277,4,0,18
3278,3,0,4
3279,2,1,13
3280,0,0,18
3281,0,0,18
3282,0,1,18
3283,1,0,18
3284,1,0,4
3285,2,0,4
3286,6,0,3
3287,1,1,18
3288,3,1,3
3289,3,0,5
3290,4,0,6
3291,5,0,14
3292,7,1,7
3293,1,0,18
3294,5,0,13
3295,1,0,4
3296,0,0,18
3297,4,1,3
3298,8,0,15
3299,3,0,5
3300,3,0,20
3301,4,0,16
3302,2,0,4
3303,3,1,13
3304,4,1,11
3305,1,0,13
3306,3,0,1
3307,6,0,17
3308,2,0,10
3309,2,1,7
3310,2,0,14
3311,1,0,12
3312,4,0,6
3313,3,0,13
3314,0,0,18
3315,5,0,17
3316,2,1,10
3317,2,0,18
3318,3,0,3
3319,2,0,18
3320,8,0,15
3321,5,0,0
3322,3,0,6
3323,2,0,14
3324,0,0,5
3325,1,1,7
3326,2,0,19
3327,5,0,4
3328,2,0,14
3329,4,0,4
3330,1,0,18
3331,0,0,18
3332,6,0,3
3333,2,1,3
3334,3,0,13
3335,3,1,0
3336,2,0,0
3337,4,1,5
3338,2,0,0
3339,5,1,20
3340,4,0,3
3341,1,1,18
3342,1,0,18
3343,1,0,19
3344,8,0,20
3345,0,0,18
3346,3,1,17
3347,2,1,10
3348,0,0,13
3349,2,0,18
3350,1,0,19
3351,8,0,15
3352,2,0,4
3353,3,1,16
3354,2,1,17
3355,1,1,18
3356,6,0,0
3357,0,0,13
3358,3,0,13
3359,2,0,18
3360,2,0,14
3361,2,1,13
3362,1,1,13
3363,2,0,14
3364,5,0,4
3365,2,0,4
3366,1,1,18
3367,4,0,1
3368,4,1,13
3369,2,1,14
3370,3,0,19
3371,4,0,0
3372,2,1,10
3373,1,0,14
3374,1,0,18
3375,1,0,10
3376,3,1,3
3377,3,0,0
3378,2,0,1
3379,0,0,13
3380,1,0,17
3381,2,1,9
3382,6,0,19
3383,6,0,20
3384,4,0,11
3385,8,0,3
3386,7,1,7
3387,1,0,13
3388,3,0,3
3389,2,1,10
3390,4,1,0
3391,2,0,19
3392,5,0,4
3393,4,0,11
3394,5,1,7
3395,4,1,3
3396,8,0,0
3397,1,0,18
3398,7,1,20
3399,2,1,3
3400,3,0,11
3401,6,0,0
3402,8,0,15
3403,2,0,14
3404,2,0,14
3405,4,0,0
3406,1,0,18
3407,0,0,12
3408,5,0,10
3409,3,1,0
3410,3,0,14
3411,2,1,10
3412,2,1,0
3413,0,1,18
3414,6,1,20
3415,2,0,17
3416,1,0,18
3417,8,0,3
3418,5,0,4
3419,0,0,18
3420,3,1,10
3421,8,0,10
3422,6,1,0
3423,2,0,18
3424,2,1,18
3425,4,1,3
3426,7,1,7
3427,5,0,3
3428,2,0,6
3429,2,0,1
3430,0,0,18
3431,5,0,18
3432,2,0,18
3433,2,0,20
3434,1,0,4
3435,8,0,3
3436,1,0,18
3437,6,1,3
3438,1,0,12
3439,2,0,14
3440,3,0,19
3441,1,0,12
3442,8,0,14
3443,8,0,11
3444,8,0,3
3445,3,0,3
3446,2,0,19
3447,2,1,10
3448,1,0,18
3449,5,0,4
3450,5,0,20
3451,1,0,20
3452,4,0,4
3453,4,0,13
3454,3,0,14
3455,2,0,18
3456,2,0,0
3457,4,0,14
3458,2,1,13
3459,3,0,4
3460,4,0,13
3461,5,0,14
3462,2,0,9
3463,2,1,3
3464,0,1,18
3465,0,1,16
3466,1,1,18
3467,0,1,20
3468,1,0,18
3469,1,1,7
3470,4,1,14
3471,1,0,18
3472,4,0,10
3473,4,1,4
3474,4,1,14
3475,1,0,19
3476,2,1,20
3477,7,0,3
3478,3,0,10
3479,8,0,11
3480,8,0,15
3481,7,1,0
3482,2,0,5
3483,1,1,5
3484,2,0,13
3485,6,1,7
3486,4,0,4
3487,4,0,19
3488,3,0,18
3489,0,0,18
3490,5,0,1
3491,2,0,14
3492,5,0,17
3493,2,0,14
3494,1,0,18
3495,2,0,20
3496,1,0,4
3497,0,1,18
3498,5,0,13
3499,2,0,4
3500,4,0,17
3501,1,1,18
3502,5,0,18
3503,4,1,3
3504,1,0,18
3505,1,0,12
3506,4,1,0
3507,8,0,3
3508,5,1,20
3509,2,1,0
3510,2,0,20
3511,8,0,14
3512,0,0,18
3513,2,0,20
3514,2,0,18
3515,4,0,13
3516,4,0,3
3517,1,0,19
3518,7,1,9
3519,2,0,20
3520,0,0,18
3521,1,1,1
3522,2,0,0
3523,3,0,14
3524,2,1,13
3525,3,0,4
3526,4,0,3
3527,8,0,0
3528,0,1,18
3529,6,0,13
3530,3,0,9
3531,1,0,20
3532,2,0,18
3533,0,0,18
3534,4,1,20
3535,7,1,10
3536,5,0,11
3537,2,0,18
3538,0,0,13
3539,3,0,0
3540,0,1,18
3541,6,0,0
3542,5,1,6
3543,1,0,18
3544,3,0,6
3545,2,0,20
3546,3,1,10
3547,7,1,0
3548,0,1,13
3549,6,0,14
3550,2,1,7
3551,5,0,14
3552,4,0,3
3553,1,0,18
3554,2,1,3
3555,3,0,18
3556,0,0,18
3557,1,1,18
3558,5,1,11
3559,4,0,6
3560,2,0,4
3561,6,0,17
3562,2,0,18
3563,5,0,11
3564,2,1,13
3565,2,0,18
3566,3,1,16
3567,2,0,4
3568,2,0,6
3569,0,0,13
3570,7,0,3
3571,0,0,18
3572,5,0,10
3573,2,0,18
3574,2,0,14
3575,8,0,15
3576,3,1,0
3577,0,0,18
3578,7,1,10
3579,2,0,18
3580,4,1,18
3581,0,0,18
3582,8,0,15
3583,1,1,18
3584,4,1,0
3585,3,0,14
3586,5,0,5
3587,0,0,13
3588,2,0,9
3589,2,0,4
3590,2,1,0
3591,0,0,13
3592,2,0,3
3593,7,0,3
3594,2,0,20
3595,1,0,19
3596,3,0,0
3597,3,1,8
3598,6,0,4
3599,5,1,20
3600,2,0,18
3601,2,1,13
3602,4,0,20
3603,2,0,18
3604,8,0,3
3605,5,1,13
3606,1,0,20
3607,2,1,13
3608,5,0,7
3609,0,0,18
3610,5,0,4
3611,1,0,12
3612,5,1,0
3613,2,0,20
3614,6,0,0
3615,1,0,18
3616,6,0,3
3617,4,0,4
3618,2,0,0
3619,0,1,1
3620,2,0,18
3621,1,0,19
3622,0,0,18
3623,7,1,10
3624,1,0,13
3625,5,0,18
3626,1,0,4
3627,4,0,4
3628,8,0,13
3629,3,1,3
3630,5,0,6
3631,5,0,11
3632,2,0,18
3633,0,0,18
3634,0,0,18
3635,1,0,18
3636,1,0,0
3637,2,0,6
3638,3,1,10
3639,4,0,3
3640,5,0,13
3641,5,1,20
3642,4,0,18
3643,8,0,3
3644,3,0,4
3645,3,0,10
3646,1,0,4
3647,1,0,18
3648,2,0,18
3649,4,1,19
3650,1,1,18
3651,5,0,4
3652,2,0,18
3653,3,0,11
3654,5,0,10
3655,3,0,13
3656,3,1,0
3657,8,0,3
3658,4,1,3
3659,0,0,18
3660,2,0,14
3661,0,1,18
3662,2,0,18
3663,2,0,9
3664,1,0,4
3665,2,1,13
3666,4,0,4
3667,1,0,19
3668,2,1,18
3669,1,0,18
3670,4,0,3
3671,3,0,6
3672,5,0,4
3673,3,0,6
3674,7,0,3
3675,1,0,12
3676,2,1,13
3677,0,1,18
3678,4,0,6
3679,4,0,17
3680,3,0,10
3681,5,0,0
3682,1,0,18
3683,4,1,0
3684,1,0,19
3685,4,0,3
3686,2,1,0
3687,1,0,18
3688,3,0,10
3689,4,0,11
3690,5,0,4
3691,4,0,6
3692,0,0,18
3693,5,0,3
3694,1,1,13
3695,0,0,18
3696,2,0,11
3697,2,1,13
3698,0,0,18
3699,4,0,3
3700,1,0,18
3701,7,0,14
3702,2,0,13
3703,2,0,18
3704,2,0,10
3705,8,0,13
3706,1,0,19
3707,2,1,8
3708,1,0,4
3709,5,0,18
3710,1,0,18
3711,0,0,18
3712,1,0,14
3713,4,1,19
3714,4,1,0
3715,3,0,4
3716,2,1,13
3717,1,0,4
3718,4,0,10
3719,6,0,3
3720,1,0,19
3721,5,0,13
3722,3,0,19
3723,1,0,18
3724,7,1,13
3725,8,0,14
3726,6,1,3
3727,4,0,6
3728,0,0,18
3729,1,0,14
3730,3,0,14
3731,2,0,14
3732,3,0,10
3733,1,0,18
3734,1,0,4
3735,0,1,18
3736,2,1,13
3737,2,0,14
3738,1,1,7
3739,1,0,4
3740,1,0,18
3741,1,0,18
3742,3,0,13
3743,4,0,4
3744,4,0,4
3745,2,0,20
3746,2,0,13
3747,2,0,6
3748,4,0,16
3749,1,0,18
3750,2,0,14
3751,4,0,13
3752,5,0,4
3753,2,0,18
3754,1,0,19
3755,0,0,18
3756,3,0,4
3757,3,0,19
3758,3,0,6
3759,1,1,18
3760,3,0,19
3761,0,0,18
3762,7,1,10
3763,3,0,3
3764,0,0,18
3765,4,0,4
3766,1,0,0
3767,2,0,14
3768,1,0,19
3769,0,1,18
3770,4,0,13
3771,8,0,4
3772,1,0,4
3773,2,1,0
3774,8,0,13
3775,0,0,18
3776,8,0,3
3777,0,0,13
3778,2,1,0
3779,3,0,3
3780,3,0,18
3781,6,0,4
3782,1,0,12
3783,1,0,20
3784,2,0,13
3785,2,0,18
3786,0,0,13
3787,2,0,18
3788,2,0,20
3789,1,0,18
3790,1,0,5
3791,8,0,13
3792,1,0,18
3793,2,0,18
3794,1,0,19
3795,4,1,10
3796,1,0,18
3797,2,0,20
3798,2,0,10
3799,0,1,18
3800,2,0,2
3801,3,1,10
3802,1,0,18
3803,2,0,6
3804,3,0,13
3805,5,1,20
3806,7,0,11
3807,1,0,16
3808,2,0,13
3809,3,0,4
3810,1,0,18
3811,5,0,14
3812,0,1,20
3813,4,0,1
3814,1,0,4
3815,2,0,18
3816,4,1,4
3817,1,1,18
3818,3,1,10
3819,2,0,18
3820,1,0,18
3821,1,0,18
3822,4,0,20
3823,7,0,3
3824,1,0,19
3825,0,1,18
3826,3,0,5
3827,8,0,3
3828,1,0,18
3829,1,0,14
3830,7,0,6
3831,1,0,20
3832,0,0,18
3833,2,1,13
3834,1,1,0
3835,3,0,0
3836,8,0,15
3837,2,0,14
3838,3,0,13
3839,4,0,3
3840,8,0,15
3841,4,0,1
3842,5,0,0
3843,4,0,11
3844,2,0,11
3845,2,0,0
3846,6,0,0
3847,1,0,18
3848,7,1,7
3849,2,0,18
3850,1,0,18
3851,4,0,13
3852,2,0,6
3853,1,0,18
3854,1,1,18
3855,1,0,5
3856,2,0,0
3857,8,0,3
3858,1,0,4
3859,7,1,7
3860,1,0,19
3861,3,0,14
3862,2,1,20
3863,2,0,2
3864,7,1,11
3865,2,0,14
3866,3,1,1
3867,7,1,10
3868,4,0,4
3869,8,0,15
3870,2,0,18
3871,1,1,7
3872,1,0,12
3873,2,1,10
3874,4,0,16
3875,4,0,6
3876,3,0,3
3877,5,0,3
3878,0,1,18
3879,0,0,18
3880,4,0,1
3881,5,0,13
3882,6,0,19
3883,0,1,18
3884,8,0,3
3885,2,0,10
3886,2,0,18
3887,5,1,13
3888,7,0,3
3889,2,0,13
3890,0,0,18
3891,7,0,6
3892,4,1,0
3893,0,0,18
3894,6,0,3
3895,1,0,4
3896,5,1,10
3897,4,1,11
3898,3,0,18
3899,2,0,18
3900,6,0,4
3901,2,0,20
3902,2,1,0
3903,3,1,0
3904,1,0,4
3905,2,0,19
3906,4,1,13
3907,2,0,9
3908,2,0,0
3909,6,0,19
3910,4,0,4
3911,5,0,13
3912,2,0,20
3913,2,0,19
3914,3,0,14
3915,1,0,18
3916,4,0,17
3917,1,1,18
3918,3,0,5
3919,4,1,3
3920,1,0,18
3921,2,1,3
3922,5,1,20
3923,3,0,9
3924,2,1,10
3925,4,0,14
3926,3,0,0
3927,1,0,18
3928,8,1,10
3929,1,0,20
3930,4,1,1
3931,1,0,4
3932,3,1,10
3933,1,0,18
3934,5,0,6
3935,3,0,3
3936,3,0,4
3937,4,0,4
3938,5,0,14
3939,4,0,3
3940,5,1,20
3941,2,0,14
3942,2,0,9
3943,2,0,20
3944,1,0,19
3945,8,0,6
3946,8,0,13
3947,3,0,4
3948,1,1,11
3949,5,1,13
3950,3,0,4
3951,2,0,2
3952,4,1,3
3953,6,0,14
3954,4,0,3
3955,2,1,0
3956,1,1,7
3957,2,0,14
3958,5,1,20
3959,1,1,0
3960,2,0,4
3961,4,1,3
3962,4,1,20
3963,6,1,3
3964,7,0,3
3965,7,0,13
3966,5,1,20
3967,2,0,13
3968,3,0,16
3969,1,0,17
3970,6,0,13
3971,1,1,18
3972,7,0,20
3973,4,0,17
3974,5,1,20
3975,4,0,14
3976,4,0,9
3977,2,0,6
3978,2,1,8
3979,6,1,20
3980,4,0,13
3981,7,1,13
3982,6,1,0
3983,8,0,15
3984,5,0,14
3985,5,0,13
3986,2,0,18
3987,4,1,3
3988,2,0,0
3989,0,0,13
3990,7,0,4
3991,2,0,18
3992,2,0,18
3993,3,0,14
3994,1,1,13
3995,1,0,18
3996,2,0,20
3997,0,0,18
3998,1,1,18
3999,3,0,0
4000,4,1,3
4001,1,1,18
4002,1,1,13
4003,0,0,18
4004,8,0,14
4005,1,0,14
4006,7,0,3
4007,8,0,0
4008,0,1,18
4009,1,0,18
4010,2,0,18
4011,3,0,3
4012,2,0,20
4013,2,0,18
4014,8,0,10
4015,2,0,4
4016,1,0,18
4017,4,0,3
4018,8,0,11
4019,4,1,0
4020,1,0,20
4021,5,0,1
4022,3,0,3
4023,5,0,6
4024,3,0,4
4025,2,0,14
4026,7,1,7
4027,2,0,18
4028,4,0,10
4029,3,0,3
4030,0,0,18
4031,5,1,7
4032,1,0,18
4033,2,0,14
4034,2,0,19
4035,4,1,13
4036,1,0,12
4037,2,0,20
4038,4,1,13
4039,0,0,18
4040,3,0,14
4041,2,0,13
4042,4,0,11
4043,2,0,20
4044,2,1,7
4045,2,0,2
4046,3,0,4
4047,2,0,20
4048,3,1,16
4049,2,0,18
4050,5,0,19
4051,1,0,18
4052,2,0,1
4053,3,1,0
4054,5,0,10
4055,1,1,18
4056,1,0,19
4057,5,0,4
4058,2,1,18
4059,3,0,19
4060,1,1,18
4061,1,0,18
4062,2,0,2
4063,1,0,19
4064,7,0,20
4065,1,0,4
4066,3,0,4
4067,1,0,14
4068,6,0,10
4069,4,1,14
4070,4,0,6
4071,5,0,11
4072,6,0,0
4073,7,0,7
4074,3,0,13
4075,6,0,0
4076,1,0,5
4077,2,0,13
4078,1,0,18
4079,6,0,0
4080,1,1,7
4081,5,1,7
4082,2,0,13
4083,0,0,13
4084,2,0,14
4085,3,0,0
4086,6,1,7
4087,6,0,0
4088,4,0,14
4089,2,1,10
4090,5,1,20
4091,7,0,10
4092,3,0,5
4093,1,0,4
4094,1,0,18
4095,2,0,18
4096,1,0,20
4097,5,0,14
4098,6,0,10
4099,3,0,13
4100,2,0,18
4101,8,1,10
4102,5,1,20
4103,2,0,17
4104,5,0,13
4105,3,0,14
4106,7,0,7
4107,2,0,19
4108,2,0,17
4109,8,0,3
4110,2,0,18
4111,3,0,6
4112,1,0,12
4113,2,0,14
4114,1,0,18
4115,4,1,0
4116,7,1,20
4117,3,0,4
4118,3,0,5
4119,0,0,18
4120,3,0,13
4121,4,1,1
4122,3,0,9
4123,1,0,18
4124,3,0,19
4125,2,0,14
4126,3,0,0
4127,3,0,0
4128,6,1,13
4129,2,0,14
4130,2,0,17
4131,5,1,0
4132,3,0,14
4133,5,1,20
4134,4,1,3
4135,3,1,12
4136,5,0,10
4137,5,0,10
4138,8,1,10
4139,1,0,13
4140,2,0,20
4141,1,1,1
4142,8,0,3
4143,2,0,18
4144,1,1,1
4145,2,0,20
4146,3,0,18
4147,3,0,18
4148,8,0,3
4149,1,0,4
4150,5,1,7
4151,6,0,14
4152,3,0,5
4153,4,0,17
4154,1,0,18
4155,5,0,4
4156,1,0,18
4157,4,0,6
4158,0,0,18
4159,2,0,6
4160,0,0,18
4161,3,0,13
4162,2,0,10
4163,1,0,14
4164,2,0,11
4165,6,1,3
4166,1,0,18
4167,2,0,18
4168,2,0,14
4169,8,0,16
4170,4,0,10
4171,4,0,20
4172,3,1,13
4173,7,1,11
4174,0,1,18
4175,1,0,18
4176,3,0,3
4177,2,0,20
4178,4,0,17
4179,1,1,7
4180,0,1,18
4181,4,0,20
4182,0,0,18
4183,3,0,14
4184,0,0,18
4185,2,1,13
4186,0,0,18
4187,3,1,10
4188,2,1,13
4189,2,0,4
4190,4,0,4
4191,3,0,3
4192,5,0,4
4193,1,0,18
4194,1,0,18
4195,1,0,14
4196,8,1,10
4197,5,0,4
4198,2,1,10
4199,2,0,18
4200,1,0,14
4201,2,0,14
4202,4,0,4
4203,2,1,9
4204,3,0,13
4205,1,1,13
4206,1,0,5
4207,1,1,7
4208,7,1,3
4209,0,0,5
4210,3,0,6
4211,2,1,14
4212,1,0,5
4213,2,0,18
4214,3,0,6
4215,7,1,7
4216,8,0,15
4217,3,0,10
4218,5,0,17
4219,4,0,20
4220,3,0,6
4221,1,0,18
4222,6,0,3
4223,3,0,19
4224,2,0,4
4225,2,1,13
4226,3,0,13
4227,0,0,18
4228,5,0,7
4229,3,0,6
4230,0,1,18
4231,1,1,18
4232,8,0,3
4233,1,0,18
4234,2,0,18
4235,2,0,17
4236,1,1,18
4237,1,0,5
4238,2,0,20
4239,1,0,4
4240,2,0,0
4241,3,1,1
4242,1,0,18
4243,1,1,13
4244,4,0,16
4245,6,0,6
4246,3,0,4
4247,6,1,6
4248,3,1,10
4249,3,1,10
4250,4,1,14
4251,6,0,13
4252,3,1,20
4253,4,1,0
4254,3,0,5
4255,7,0,3
4256,5,1,11
4257,2,1,13
4258,1,0,18
4259,2,0,18
4260,3,0,3
4261,4,0,20
4262,1,0,4
4263,1,0,13
4264,6,1,13
4265,6,0,3
4266,6,0,19
4267,2,1,7
4268,0,0,18
4269,3,0,18
4270,3,0,3
4271,1,0,18
4272,5,0,0
4273,3,0,6
4274,1,1,1
4275,1,0,18
4276,3,0,17
4277,3,1,20
4278,0,1,18
4279,7,0,6
4280,0,0,18
4281,4,1,3
4282,6,1,1
4283,2,1,10
4284,3,0,6
4285,2,0,18
4286,1,0,14
4287,4,1,0
4288,4,0,13
4289,3,0,13
4290,8,0,15
4291,0,1,18
4292,2,0,18
4293,8,0,17
4294,8,0,20
4295,1,0,18
4296,0,0,18
4297,7,0,0
4298,1,0,19
4299,5,1,11
4300,1,0,4
4301,1,0,18
4302,0,0,18
4303,2,1,7
4304,3,0,17
4305,2,0,0
4306,1,0,13
4307,4,0,17
4308,3,0,13
4309,5,0,4
4310,1,1,18
4311,1,0,19
4312,1,0,19
4313,6,0,4
4314,2,0,18
4315,7,1,20
4316,1,0,18
4317,1,0,19
4318,4,1,13
4319,2,0,4
4320,4,1,0
4321,4,1,1
4322,2,1,0
4323,2,1,13
4324,7,0,20
4325,1,1,18
4326,2,0,14
4327,0,1,18
4328,3,0,3
4329,4,0,3
4330,2,1,18
4331,5,0,17
4332,1,1,18
4333,2,1,10
4334,2,0,14
4335,3,0,0
4336,2,0,18
4337,5,0,13
4338,1,0,18
4339,0,0,18
4340,1,1,18
4341,0,1,18
4342,2,0,18
4343,5,1,20
4344,2,0,19
4345,3,1,3
4346,1,1,13
4347,1,0,18
4348,7,0,3
4349,4,0,4
4350,3,0,18
4351,2,0,19
4352,3,0,10
4353,5,1,6
4354,2,0,4
4355,4,0,3
4356,2,0,18
4357,1,0,4
4358,2,0,18
4359,2,0,14
4360,7,1,0
4361,5,0,13
4362,4,0,1
4363,2,0,13
4364,4,1,10
4365,7,1,8
4366,1,0,18
4367,1,0,20
4368,2,0,4
4369,2,0,9
4370,2,0,18
4371,2,0,1
4372,4,0,9
4373,2,1,13
4374,1,0,4
4375,2,0,13
4376,7,0,9
4377,2,1,3
4378,1,1,13
4379,2,1,1
4380,7,1,20
4381,7,0,0
4382,2,0,9
4383,1,0,13
4384,3,0,20
4385,6,1,10
4386,7,1,7
4387,1,1,18
4388,6,1,20
4389,3,0,3
4390,2,0,3
4391,2,1,13
4392,1,1,18
4393,3,0,1
4394,2,0,20
4395,5,0,13
4396,1,1,18
4397,6,0,0
4398,3,1,3
4399,1,0,18
4400,5,0,13
4401,5,0,10
4402,6,0,16
4403,2,0,18
4404,4,1,13
4405,2,0,4
4406,2,0,14
4407,1,0,18
4408,4,0,0
4409,8,1,10
4410,6,0,13
4411,1,0,18
4412,2,0,4
4413,2,0,20
4414,7,1,13
4415,2,0,4
4416,3,1,10
4417,1,0,13
4418,6,0,3
4419,1,0,12
4420,7,0,9
4421,6,0,14
4422,2,0,1
4423,0,0,13
4424,1,0,4
4425,7,1,0
4426,6,0,3
4427,5,0,4
4428,2,0,6
4429,1,0,5
4430,1,0,14
4431,3,0,17
4432,7,1,0
4433,3,0,0
4434,0,1,18
4435,6,0,13
4436,5,0,14
4437,2,0,19
4438,3,0,19
4439,3,1,3
4440,3,0,3
4441,2,0,14
4442,6,0,0
4443,5,1,20
4444,5,1,20
4445,2,0,13
4446,1,0,18
4447,2,0,6
4448,2,0,4
4449,3,1,20
4450,5,0,14
4451,4,0,4
4452,3,0,9
4453,2,1,13
4454,6,0,10
4455,0,0,18
4456,3,0,10
4457,1,0,18
4458,0,0,18
4459,8,0,17
4460,4,1,1
4461,2,0,18
4462,1,0,19
4463,2,0,0
4464,5,0,13
4465,1,0,18
4466,2,0,13
4467,7,1,13
4468,4,0,3
4469,1,0,18
4470,2,0,0
4471,5,0,14
4472,1,0,4
4473,1,0,20
4474,1,0,18
4475,4,0,14
4476,1,0,18
4477,2,1,10
4478,5,0,4
4479,0,0,18
4480,1,0,14
4481,3,0,4
4482,0,1,18
4483,6,0,10
4484,3,1,20
4485,1,1,1
4486,1,0,18
4487,2,0,19
4488,1,0,18
4489,1,0,18
4490,4,0,17
4491,6,0,3
4492,3,0,6
4493,6,0,10
4494,4,0,3
4495,3,0,20
4496,5,0,3
4497,8,0,15
4498,7,1,7
4499,1,0,18
4500,2,1,18
4501,2,0,6
4502,1,0,18
4503,2,0,6
4504,1,0,13
4505,3,0,4
4506,2,1,13
4507,5,0,11
4508,2,0,11
4509,7,1,7
4510,4,0,17
4511,2,0,20
4512,5,1,13
4513,0,1,20
4514,7,0,0
4515,1,0,0
4516,0,1,16
4517,8,0,20
4518,3,1,10
4519,4,0,3
4520,8,0,15
4521,7,0,13
4522,1,0,18
4523,2,0,14
4524,5,0,1
4525,6,0,19
4526,7,0,3
4527,8,0,3
4528,0,1,18
4529,3,1,10
4530,2,0,9
4531,0,1,1
4532,2,0,19
4533,1,0,18
4534,3,0,3
4535,2,0,14
4536,7,0,10
4537,1,0,18
4538,1,0,20
4539,3,0,13
4540,2,0,18
4541,0,0,18
4542,1,0,14
4543,4,1,10
4544,6,0,14
4545,3,1,13
4546,4,1,0
4547,2,0,3
4548,1,0,18
4549,3,0,1
4550,0,1,18
4551,2,0,0
4552,5,0,4
4553,1,0,18
4554,1,1,11
4555,3,1,0
4556,5,1,8
4557,2,0,14
4558,2,0,18
4559,3,1,1
4560,2,1,13
4561,3,0,18
4562,5,0,3
4563,1,0,18
4564,7,0,6
4565,4,0,10
4566,5,0,0
4567,7,0,20
4568,1,0,4
4569,6,0,13
4570,2,0,18
4571,5,1,7
4572,5,0,13
4573,3,0,9
4574,2,1,10
4575,3,0,13
4576,0,1,20
4577,1,0,19
4578,7,0,9
4579,7,1,7
4580,1,0,18
4581,8,0,3
4582,2,0,0
4583,5,0,13
4584,4,0,20
4585,0,0,18
4586,3,0,0
4587,6,1,7
4588,1,0,14
4589,3,0,6
4590,5,0,0
4591,1,0,18
4592,1,0,16
4593,0,0,18
4594,3,1,10
4595,2,0,13
4596,4,1,0
4597,5,0,4
4598,2,0,6
4599,3,0,5
4600,2,0,14
4601,1,1,18
4602,5,0,19
4603,0,0,13
4604,2,0,13
4605,7,1,7
4606,2,0,14
4607,1,1,18
4608,3,0,20
4609,2,0,14
4610,4,1,19
4611,0,1,18
4612,3,0,1
4613,1,0,18
4614,4,1,0
4615,5,0,6
4616,2,1,17
4617,3,0,3
4618,2,1,1
4619,2,0,14
4620,0,0,18
4621,5,0,13
4622,1,0,18
4623,3,0,13
4624,6,1,20
4625,6,0,13
4626,2,0,0
4627,8,0,15
4628,1,0,5
4629,1,1,13
4630,2,0,18
4631,2,1,13
4632,5,0,4
4633,6,0,0
4634,6,1,7
4635,7,1,7
4636,2,1,10
4637,4,0,6
4638,6,0,10
4639,0,0,18
4640,3,0,3
4641,1,0,18
4642,8,0,13
4643,3,0,20
4644,4,1,13
4645,8,0,3
4646,7,0,0
4647,7,0,3
4648,8,0,15
4649,1,0,18
4650,3,0,5
4651,4,0,20
4652,3,0,19
4653,5,1,13
4654,6,1,1
4655,1,0,10
4656,2,1,18
4657,1,0,20
4658,0,0,18
4659,2,0,17
4660,4,0,9
4661,2,0,14
4662,5,0,4
4663,2,0,14
4664,4,0,1
4665,2,0,18
4666,7,0,20
4667,2,1,10
4668,2,0,14
4669,6,1,3
4670,6,0,13
4671,4,1,4
4672,1,0,4
4673,3,1,13
4674,1,0,18
4675,6,0,0
4676,7,0,4
4677,3,0,4
4678,7,1,7
4679,1,0,5
4680,6,1,13
4681,5,1,20
4682,3,0,13
4683,2,0,18
4684,2,0,19
4685,0,0,13
4686,3,0,20
4687,7,1,3
4688,0,1,18
4689,2,0,18
4690,3,1,0
4691,3,0,4
4692,4,0,16
4693,6,0,4
4694,4,0,20
4695,0,0,18
4696,2,0,20
4697,7,1,7
4698,1,0,18
4699,0,0,18
4700,8,0,15
4701,2,0,4
4702,1,0,18
4703,3,0,17
4704,3,0,6
4705,2,0,4
4706,2,0,18
4707,5,0,4
4708,1,1,7
4709,2,0,20
4710,2,0,19
4711,4,0,4
4712,2,0,19
4713,1,0,18
4714,2,0,13
4715,3,0,3
4716,1,0,18
4717,2,0,14
4718,4,0,3
4719,2,0,17
4720,2,0,13
4721,3,0,3
4722,8,0,15
4723,0,0,18
4724,1,0,18
4725,5,0,4
4726,1,0,4
4727,3,0,17
4728,6,1,20
4729,7,0,3
4730,2,0,14
4731,5,0,2
4732,2,0,14
4733,4,0,6
4734,3,0,5
4735,0,0,18
4736,7,0,3
4737,3,0,5
4738,2,0,10
4739,2,0,7
4740,5,0,14
4741,4,1,3
4742,2,0,18
4743,4,0,19
4744,2,0,4
4745,5,0,6
4746,8,0,3
4747,0,1,18
4748,2,0,19
4749,1,1,13
4750,2,0,0
4751,0,0,18
4752,5,0,14
4753,6,0,13
4754,4,0,4
4755,3,0,18
4756,1,0,20
4757,5,0,0
4758,3,0,19
4759,1,0,20
4760,7,0,13
4761,3,0,3
4762,0,0,18
4763,7,1,13
4764,5,0,17
4765,5,1,7
4766,6,0,0
4767,2,1,13
4768,7,0,4
4769,7,0,3
4770,2,0,14
4771,8,0,3
4772,1,0,19
4773,2,0,18
4774,1,0,20
4775,1,0,19
4776,3,0,19
4777,0,0,18
4778,4,0,11
4779,0,1,18
4780,8,0,13
4781,3,0,1
4782,2,0,1
4783,3,0,4
4784,2,0,18
4785,1,1,13
4786,1,0,18
4787,2,0,1
4788,2,1,10
4789,8,0,15
4790,2,0,18
4791,3,0,14
4792,2,0,4
4793,5,1,10
4794,4,0,6
4795,4,0,9
4796,2,0,13
4797,2,1,3
4798,4,0,18
4799,1,1,13
4800,1,0,0
4801,2,1,8
4802,2,0,1
4803,8,0,3
4804,3,1,12
4805,1,1,18
4806,3,1,10
4807,6,0,3
4808,2,0,18
4809,2,1,3
4810,4,0,4
4811,4,0,16
4812,5,0,4
4813,1,0,19
4814,1,0,18
4815,3,1,20
4816,8,1,10
4817,1,0,18
4818,8,0,4
4819,1,0,14
4820,3,0,17
4821,2,0,13
4822,2,0,18
4823,3,1,20
4824,2,1,18
4825,2,0,19
4826,3,0,18
4827,3,0,5
4828,3,0,17
4829,5,0,17
4830,4,0,17
4831,4,0,16
4832,6,0,3
4833,4,1,13
4834,3,0,1
4835,3,0,9
4836,2,1,13
4837,2,0,0
4838,6,1,1
4839,2,0,13
4840,1,0,18
4841,0,1,18
4842,2,0,9
4843,5,0,4
4844,7,0,3
4845,1,0,18
4846,1,0,13
4847,2,1,13
4848,4,1,18
4849,5,0,4
4850,3,0,11
4851,0,1,18
4852,3,0,18
4853,4,0,17
4854,5,0,4
4855,2,0,18
4856,0,1,18
4857,3,0,3
4858,2,0,20
4859,4,0,11
4860,2,0,6
4861,2,0,0
4862,1,1,18
4863,4,0,4
4864,7,1,7
4865,0,0,18
4866,5,0,14
4867,5,0,4
4868,3,0,14
4869,4,0,16
4870,6,0,4
4871,5,0,7
4872,3,0,13
4873,1,1,1
4874,4,0,10
4875,2,0,13
4876,6,0,0
4877,1,0,0
4878,1,0,4
4879,7,0,14
4880,6,0,20
4881,6,1,3
4882,4,0,6
4883,4,1,3
4884,3,0,3
4885,0,0,18
4886,2,0,9
4887,4,0,3
4888,4,0,3
4889,3,1,16
4890,2,0,14
4891,6,0,17
4892,2,0,1
4893,6,1,13
4894,3,0,20
4895,2,0,18
4896,0,0,18
4897,1,0,0
4898,4,1,5
4899,7,0,6
4900,2,0,13
4901,6,0,10
4902,3,0,18
4903,1,0,18
4904,8,0,3
4905,0,1,18
4906,1,0,5
4907,3,0,4
4908,0,1,20
4909,5,0,13
4910,4,0,18
4911,5,1,20
4912,1,0,12
4913,2,0,4
4914,0,0,18
4915,2,1,13
4916,1,0,18
4917,3,1,1
4918,3,1,3
4919,2,1,13
4920,2,0,4
4921,0,0,18
4922,3,0,19
4923,6,0,13
4924,0,0,13
4925,4,0,4
4926,4,0,4
4927,2,0,4
4928,3,0,14
4929,3,1,10
4930,3,0,4
4931,5,0,11
4932,7,1,0
4933,4,1,6
4934,2,0,14
4935,3,0,4
4936,4,0,11
4937,1,1,0
4938,2,0,2
4939,4,0,0
4940,3,1,10
4941,1,0,18
4942,4,0,11
4943,2,1,10
4944,1,0,18
4945,5,1,6
4946,3,0,14
4947,1,1,11
4948,6,0,3
4949,2,1,10
4950,2,0,18
4951,1,0,18
4952,2,1,10
4953,8,0,4
4954,4,0,0
4955,4,0,4
4956,2,1,13
4957,0,0,18
4958,5,0,13
4959,0,0,18
4960,2,1,10
4961,2,0,18
4962,8,0,0
4963,6,0,20
4964,3,1,10
4965,3,0,3
4966,3,0,6
4967,6,0,0
4968,4,0,16
4969,4,0,1
4970,3,0,0
4971,2,0,20
4972,1,0,19
4973,2,0,18
4974,6,0,17
4975,6,0,3
4976,1,0,4
4977,2,0,18
4978,2,1,7
4979,2,0,13
4980,2,1,13
4981,0,0,12
4982,2,0,2
4983,1,0,4
4984,4,0,3
4985,2,0,18
4986,3,1,3
4987,6,1,3
4988,4,0,13
4989,7,0,4
4990,3,0,1
4991,2,0,18
4992,2,1,13
4993,5,1,20
4994,1,0,18
4995,3,0,17
4996,3,0,0
4997,7,1,7
4998,2,1,8
4999,2,0,18
5000,4,0,13
5001,0,0,18
5002,4,0,14
5003,5,0,3
5004,7,0,0
5005,6,0,3
5006,2,0,4
5007,5,0,0
5008,3,0,0
5009,2,0,18
5010,7,0,6
5011,4,0,6
5012,2,0,19
5013,1,0,18
5014,5,0,14
5015,3,0,17
5016,1,1,18
5017,0,0,18
5018,3,0,0
5019,7,0,6
5020,4,0,17
5021,3,1,18
5022,8,0,3
5023,2,0,18
5024,3,1,10
5025,7,0,20
5026,4,0,17
5027,2,1,3
5028,2,0,18
5029,2,0,19
5030,3,0,9
5031,0,0,18
5032,0,1,18
5033,0,1,18
5034,4,0,20
5035,4,0,1
5036,2,0,13
5037,3,0,19
5038,2,0,18
5039,0,0,18
5040,2,0,18
5041,1,0,18
5042,2,0,14
5043,3,0,3
5044,6,0,3
5045,1,1,18
5046,1,1,18
5047,6,0,13
5048,2,0,18
5049,1,0,18
5050,3,1,10
5051,4,0,13
5052,3,0,10
5053,2,1,13
5054,4,0,3
5055,2,0,18
5056,1,0,18
5057,3,0,11
5058,4,0,9
5059,2,0,18
5060,3,0,14
5061,1,1,18
5062,3,0,19
5063,0,0,18
5064,3,0,5
5065,4,1,14
5066,6,0,3
5067,3,0,13
5068,4,0,13
5069,6,1,3
5070,4,0,0
5071,6,0,6
5072,0,0,18
5073,2,0,18
5074,2,0,17
5075,4,1,3
5076,5,0,6
5077,2,0,1
5078,0,1,18
5079,5,0,4
5080,1,1,18
5081,7,0,19
5082,3,0,14
5083,2,0,9
5084,2,0,18
5085,1,0,18
5086,3,0,13
5087,0,0,18
5088,3,0,13
5089,3,0,0
5090,3,0,14
5091,3,0,4
5092,6,0,3
5093,2,0,20
5094,2,0,18
5095,7,0,4
5096,1,1,13
5097,3,1,20
5098,8,0,15
5099,1,1,18
5100,5,0,13
5101,5,0,14
5102,2,1,0
5103,1,0,20
5104,1,0,18
5105,4,1,4
5106,2,0,18
5107,3,1,16
5108,1,0,18
5109,0,0,18
5110,2,1,13
5111,2,1,13
5112,0,0,18
5113,6,0,14
5114,3,0,3
5115,4,0,4
5116,3,0,14
5117,2,0,18
5118,4,0,10
5119,1,0,0
5120,1,0,18
5121,5,0,18
5122,2,1,17
5123,5,0,4
5124,2,1,7
5125,2,0,14
5126,4,0,17
5127,6,0,0
5128,4,0,3
5129,5,1,20
5130,1,0,18
5131,4,1,14
5132,4,1,12
5133,7,0,6
5134,4,1,13
5135,3,0,13
5136,3,0,13
5137,3,0,1
5138,0,1,18
5139,4,0,1
5140,2,1,18
5141,1,1,18
5142,3,0,19
5143,3,0,4
5144,3,0,4
5145,2,0,18
5146,5,1,20
5147,3,0,13
5148,0,1,18
5149,8,0,13
5150,5,1,13
5151,5,1,10
5152,4,0,17
5153,8,0,15
5154,6,0,0
5155,5,0,4
5156,4,0,14
5157,4,0,4
5158,1,0,4
5159,3,0,5
5160,5,1,20
5161,8,0,17
5162,0,0,18
5163,5,0,4
5164,3,0,10
5165,2,0,6
5166,4,0,3
5167,0,1,13
5168,3,0,14
5169,1,0,4
5170,1,1,18
5171,2,0,18
5172,1,0,14
5173,2,0,5
5174,0,0,18
5175,4,0,10
5176,1,0,13
5177,4,1,13
5178,2,1,14
5179,1,0,4
5180,1,0,18
5181,4,0,6
5182,4,0,20
5183,1,1,18
5184,2,0,13
5185,4,0,3
5186,4,1,0
5187,3,0,19
5188,4,0,10
5189,8,0,0
5190,3,0,11
5191,1,0,18
5192,4,0,4
5193,7,0,9
5194,4,0,1
5195,0,0,18
5196,2,0,14
5197,2,0,19
5198,7,0,7
5199,4,0,6
5200,3,0,14
5201,3,0,13
5202,4,1,6
5203,3,0,10
5204,4,0,17
5205,5,1,7
5206,5,0,4
5207,3,0,4
5208,3,1,20
5209,4,0,11
5210,6,0,0
5211,7,0,3
5212,1,0,18
5213,3,1,13
5214,3,0,3
5215,0,0,18
5216,2,0,19
5217,1,0,18
5218,8,0,0
5219,2,0,14
5220,6,0,0
5221,4,1,3
5222,4,0,4
5223,2,0,14
5224,8,0,0
5225,5,0,19
5226,2,0,18
5227,2,0,19
5228,3,0,10
5229,3,1,20
5230,1,1,7
5231,2,1,17
5232,1,0,18
5233,2,0,0
5234,1,1,18
5235,2,1,13
5236,2,0,4
5237,4,0,6
5238,2,0,18
5239,1,0,18
5240,4,0,16
5241,8,0,3
5242,6,0,4
5243,5,0,13
5244,4,0,17
5245,3,0,10
5246,5,0,4
5247,7,0,3
5248,4,1,0
5249,5,1,7
5250,2,1,13
5251,4,0,18
5252,2,0,1
5253,2,0,13
5254,4,0,13
5255,5,0,17
5256,1,0,18
5257,0,0,18
5258,2,0,10
5259,4,0,10
5260,1,0,5
5261,4,0,9
5262,4,0,6
5263,3,0,3
5264,4,0,10
5265,0,0,18
5266,4,1,20
5267,7,0,6
5268,0,0,18
5269,3,0,11
5270,1,0,14
5271,2,0,19
5272,2,0,13
5273,7,0,3
5274,3,0,14
5275,3,0,13
5276,4,1,10
5277,3,0,9
5278,1,0,4
5279,0,0,13
5280,2,0,6
5281,2,0,19
5282,5,0,6
5283,3,0,18
5284,5,0,4
5285,4,0,20
5286,2,0,2
5287,3,0,5
5288,4,1,13
5289,1,1,18
5290,0,0,18
5291,2,1,13
5292,8,0,13
5293,3,0,14
5294,7,1,0
5295,3,0,13
5296,5,0,17
5297,2,0,18
5298,4,0,16
5299,4,0,0
5300,5,1,20
5301,2,0,7
5302,4,0,1
5303,3,0,11
5304,1,0,19
5305,1,0,4
5306,2,0,20
5307,5,0,3
5308,1,0,20
5309,1,0,19
5310,2,1,0
5311,0,1,18
5312,7,1,3
5313,3,0,9
5314,2,1,10
5315,0,0,18
5316,0,0,5
5317,6,0,3
5318,3,0,13
5319,1,0,19
5320,6,0,0
5321,1,1,5
5322,4,0,10
5323,1,0,18
5324,2,0,3
5325,4,1,0
5326,2,0,3
5327,5,1,11
5328,5,1,10
5329,1,1,7
5330,2,0,9
5331,5,0,13
5332,7,0,14
5333,2,0,18
5334,2,0,18
5335,2,0,4
5336,3,0,14
5337,2,0,18
5338,1,0,18
5339,4,0,16
5340,1,0,18
5341,2,0,14
5342,2,0,20
5343,6,0,4
5344,8,1,10
5345,7,0,13
5346,1,0,18
5347,7,0,13
5348,1,0,18
5349,5,0,14
5350,8,0,6
5351,2,0,18
5352,3,1,12
5353,7,1,0
5354,3,1,3
5355,2,1,0
5356,4,1,13
5357,3,0,10
5358,0,0,13
5359,1,0,18
5360,3,0,18
5361,8,1,10
5362,1,1,18
5363,1,0,5
5364,6,1,6
5365,1,0,18
5366,7,0,3
5367,6,0,3
5368,1,1,4
5369,6,0,14
5370,3,0,19
5371,1,0,18
5372,8,0,3
5373,4,0,17
5374,7,1,13
5375,6,0,13
5376,5,0,10
5377,6,0,6
5378,1,0,18
5379,1,0,18
5380,2,0,13
5381,4,1,13
5382,1,0,18
5383,3,0,17
5384,2,0,18
5385,8,0,15
5386,4,1,20
5387,1,0,5
5388,1,1,7
5389,3,0,13
5390,3,0,18
5391,5,0,0
5392,2,0,18
5393,0,1,18
5394,1,1,18
5395,8,0,0
5396,3,0,3
5397,2,0,18
5398,7,0,14
5399,5,0,10
5400,8,0,15
5401,3,0,5
5402,2,0,20
5403,7,1,0
5404,2,0,17
5405,2,0,14
5406,8,0,3
5407,4,1,20
5408,2,0,18
5409,2,0,14
5410,1,0,20
5411,5,1,13
5412,1,0,18
5413,7,0,9
5414,5,1,13
5415,1,0,4
5416,1,0,18
5417,2,1,7
5418,7,0,0
5419,5,0,4
5420,1,0,1
5421,3,1,10
5422,0,0,18
5423,7,0,4
5424,5,0,0
5425,5,0,14
5426,1,0,18
5427,1,0,19
5428,4,1,0
5429,3,1,10
5430,0,1,18
5431,3,0,5
5432,1,1,18
5433,1,0,14
5434,4,1,14
5435,0,0,18
5436,1,0,18
5437,4,0,18
5438,1,0,14
5439,2,0,13
5440,1,0,18
5441,5,0,4
5442,0,0,13
5443,2,0,13
5444,3,0,10
5445,0,1,18
5446,3,0,4
5447,2,1,3
5448,3,0,3
5449,0,0,18
5450,7,1,0
5451,1,0,18
5452,4,0,11
5453,1,0,18
5454,1,1,5
5455,8,0,6
5456,1,0,14
5457,1,0,18
5458,7,0,7
5459,1,1,18
5460,0,0,18
5461,3,0,14
5462,6,1,3
5463,5,1,20
5464,1,0,18
5465,4,0,19
5466,2,0,18
5467,2,1,17
5468,1,0,18
5469,1,0,14
5470,7,0,4
5471,4,0,9
5472,1,0,18
5473,2,0,18
5474,2,0,13
5475,3,0,13
5476,2,1,14
5477,5,1,3
5478,6,1,13
5479,1,0,19
5480,3,0,19
5481,2,1,13
5482,2,1,13
5483,4,0,11
5484,2,0,0
5485,3,0,13
5486,4,0,10
5487,3,1,13
5488,4,1,6
5489,2,1,8
5490,4,0,0
5491,7,0,14
5492,4,0,13
5493,4,1,11
5494,1,0,16
5495,0,1,18
5496,0,0,18
5497,4,0,0
5498,7,0,0
5499,1,1,18
5500,5,0,17
5501,2,0,18
5502,3,0,10
5503,2,0,13
5504,5,0,13
5505,1,1,18
5506,5,0,11
5507,6,0,19
5508,1,1,7
5509,7,0,7
5510,2,1,13
5511,8,0,3
5512,1,1,18
5513,2,0,14
5514,2,0,20
5515,5,0,11
5516,7,0,14
5517,4,0,4
5518,5,1,0
5519,2,0,4
5520,3,0,18
5521,5,1,20
5522,0,0,18
5523,0,1,18
5524,3,0,10
5525,4,0,0
5526,3,1,13
5527,3,0,13
5528,1,0,18
5529,2,0,13
5530,3,0,17
5531,8,0,3
5532,5,0,4
5533,0,1,18
5534,4,0,4
5535,4,0,0
5536,5,0,0
5537,7,0,4
5538,6,1,7
5539,7,0,4
5540,5,0,17
5541,2,0,14
5542,2,0,20
5543,4,0,18
5544,6,0,3
5545,2,0,14
5546,7,0,10
5547,2,0,19
5548,1,0,13
5549,8,0,3
5550,7,0,9
5551,1,0,18
5552,1,0,18
5553,2,1,10
5554,6,0,3
5555,3,0,0
5556,6,0,4
5557,2,0,13
5558,8,0,13
5559,0,1,18
5560,1,1,7
5561,0,0,18
5562,4,1,0
5563,1,0,13
5564,7,0,7
5565,2,0,10
5566,1,0,14
5567,1,0,20
5568,5,0,13
5569,4,0,14
5570,1,1,18
5571,2,0,18
5572,4,0,4
5573,2,0,13
5574,6,0,14
5575,0,1,18
5576,8,0,13
5577,7,0,0
5578,7,0,14
5579,0,1,18
5580,3,0,13
5581,6,1,20
5582,2,0,13
5583,1,0,18
5584,4,0,3
5585,5,0,0
5586,2,0,13
5587,1,0,18
5588,8,0,4
5589,3,1,8
5590,3,0,13
5591,5,0,7
5592,1,0,18
5593,2,0,14
5594,1,1,7
5595,1,0,18
5596,2,0,20
5597,5,0,13
5598,3,1,10
5599,2,1,13
5600,3,1,0
5601,8,0,3
5602,0,0,18
5603,3,0,4
5604,6,0,0
5605,2,1,10
5606,4,1,3
5607,8,0,15
5608,3,0,14
5609,5,0,17
5610,4,0,4
5611,7,1,7
5612,7,1,7
5613,3,0,0
5614,2,0,0
5615,2,0,13
5616,1,0,18
5617,4,1,20
5618,2,0,14
5619,2,0,9
5620,4,0,10
5621,1,1,13
5622,3,0,11
5623,2,1,18
5624,2,1,0
5625,2,0,9
5626,2,1,10
5627,3,0,11
5628,0,1,18
5629,1,0,18
5630,3,0,3
5631,3,0,3
5632,2,0,18
5633,0,1,18
5634,4,1,14
5635,2,0,18
5636,1,0,18
5637,5,1,0
5638,8,0,15
5639,5,0,0
5640,8,0,3
5641,8,0,13
5642,2,0,13
5643,0,1,18
5644,5,0,14
5645,1,0,4
5646,3,0,10
5647,8,0,13
5648,3,0,11
5649,5,1,13
5650,1,0,18
5651,2,1,10
5652,7,0,14
5653,6,1,13
5654,3,0,1
5655,1,1,13
5656,2,0,14
5657,5,0,11
5658,8,0,0
5659,4,0,13
5660,2,1,7
5661,2,0,6
5662,4,1,4
5663,2,0,20
5664,0,0,18
5665,2,1,10
5666,7,1,7
5667,3,0,13
5668,6,0,13
5669,0,1,18
5670,3,0,10
5671,5,1,20
5672,2,0,14
5673,3,1,3
5674,3,1,13
5675,1,1,18
5676,2,0,14
5677,5,0,14
5678,2,1,13
5679,1,1,18
5680,2,0,0
5681,8,1,10
5682,0,0,18
5683,5,0,10
5684,1,1,13
5685,1,0,5
5686,1,1,18
5687,0,0,18
5688,8,0,13
5689,4,0,3
5690,3,0,10
5691,1,0,18
5692,6,1,1
5693,3,0,20
5694,4,0,10
5695,3,0,13
5696,1,0,16
5697,2,1,18
5698,5,1,10
5699,3,0,10
5700,7,1,10
5701,5,1,13
5702,7,0,14
5703,0,0,18
5704,4,1,13
5705,4,0,11
5706,7,0,14
5707,8,0,3
5708,1,0,14
5709,2,0,0
5710,3,0,3
5711,3,0,6
5712,3,0,3
5713,0,0,18
5714,2,0,2
5715,5,1,20
5716,3,0,20
5717,4,0,4
5718,2,0,18
5719,1,0,18
5720,2,1,10
5721,3,0,1
5722,1,0,18
5723,4,0,3
5724,5,0,2
5725,1,0,14
5726,5,1,20
5727,4,1,0
5728,6,1,0
5729,2,0,9
5730,8,1,10
5731,2,0,13
5732,4,0,3
5733,3,0,3
5734,3,0,0
5735,5,0,7
5736,1,0,19
5737,7,1,7
5738,8,0,3
5739,5,0,3
5740,3,1,20
5741,4,1,13
5742,2,0,6
5743,1,0,19
5744,4,0,3
5745,3,0,0
5746,3,0,3
5747,1,0,18
5748,5,1,20
5749,1,1,1
5750,5,0,6
5751,4,1,13
5752,2,1,10
5753,7,0,9
5754,4,0,13
5755,4,0,3
5756,2,0,14
5757,3,0,19
5758,2,0,0
5759,4,1,11
5760,1,0,14
5761,5,0,0
5762,2,0,18
5763,5,0,14
5764,2,0,19
5765,4,0,11
5766,7,0,3
5767,3,0,0
5768,1,1,7
5769,1,0,18
5770,3,0,3
5771,8,0,15
5772,6,0,0
5773,8,0,15
5774,1,1,7
5775,4,0,3
5776,1,0,4
5777,1,1,1
5778,7,1,7
5779,2,1,18
5780,2,0,9
5781,3,0,3
5782,2,0,4
5783,7,1,10
5784,2,0,1
5785,3,1,20
5786,2,0,18
5787,1,0,18
5788,0,0,18
5789,4,0,6
5790,1,0,20
5791,7,0,3
5792,8,0,3
5793,1,1,18
5794,1,0,16
5795,0,1,20
5796,3,1,10
5797,0,0,18
5798,1,0,14
5799,3,0,5
5800,4,0,9
5801,5,0,20
5802,3,0,3
5803,5,1,20
5804,4,1,3
5805,3,0,14
5806,1,0,14
5807,4,0,13
5808,3,1,20
5809,3,0,14
5810,3,1,3
5811,2,1,18
5812,2,0,19
5813,4,0,3
5814,4,0,16
5815,3,0,10
5816,8,1,15
5817,4,0,4
5818,7,1,7
5819,3,1,16
5820,3,0,6
5821,2,1,18
5822,2,0,13
5823,4,0,18
5824,6,0,6
5825,3,0,3
5826,1,1,18
5827,6,0,14
5828,1,0,18
5829,1,0,18
5830,8,0,15
5831,2,0,9
5832,5,0,13
5833,3,0,4
5834,3,1,3
5835,8,0,4
5836,4,0,3
5837,2,1,13
5838,8,0,15
5839,4,0,13
5840,2,1,7
5841,6,1,1
5842,1,0,13
5843,2,0,14
5844,6,1,7
5845,3,1,10
5846,3,1,3
5847,8,0,14
5848,2,0,14
5849,2,0,18
5850,6,0,19
5851,2,0,14
5852,4,0,10
5853,2,0,18
5854,1,0,18
5855,0,0,18
5856,4,0,4
5857,2,0,13
5858,1,0,17
5859,2,0,18
5860,6,1,7
5861,3,1,20
5862,0,1,18
5863,3,1,12
5864,1,0,19
5865,5,0,3
5866,1,1,7
5867,3,0,5
5868,1,0,18
5869,1,0,14
5870,7,1,20
5871,6,0,3
5872,1,0,18
5873,3,0,19
5874,4,0,3
5875,2,0,13
5876,1,1,18
5877,2,0,18
5878,5,0,13
5879,3,0,3
5880,1,0,4
5881,2,0,13
5882,5,0,14
5883,2,1,13
5884,1,0,12
5885,8,0,15
5886,1,0,18
5887,5,1,20
5888,0,0,13
5889,3,0,0
5890,4,0,4
5891,2,0,20
5892,7,0,7
5893,2,1,13
5894,4,1,13
5895,3,0,1
5896,2,1,13
5897,1,0,20
5898,1,0,18
5899,3,0,5
5900,2,1,0
5901,2,0,6
5902,7,0,3
5903,2,0,18
5904,4,1,12
5905,0,0,18
5906,6,0,6
5907,5,0,13
5908,0,0,18
5909,4,0,13
5910,4,0,1
5911,2,1,13
5912,2,1,10
5913,7,0,10
5914,1,0,18
5915,4,1,3
5916,2,0,6
5917,1,0,18
5918,3,1,10
5919,3,1,0
5920,2,0,20
5921,0,0,18
5922,3,0,20
5923,4,0,18
5924,4,0,0
5925,2,0,18
5926,4,1,5
5927,3,1,0
5928,6,0,10
5929,1,0,19
5930,2,0,20
5931,4,1,0
5932,2,0,14
5933,8,0,13
5934,1,0,20
5935,2,0,20
5936,8,0,19
5937,3,1,10
5938,8,0,15
5939,1,0,18
5940,6,0,4
5941,6,0,20
5942,0,0,18
5943,1,1,18
5944,1,0,18
5945,7,1,10
5946,2,0,20
5947,0,1,16
5948,5,0,13
5949,0,1,20
5950,3,0,19
5951,2,1,10
5952,1,0,18
5953,2,0,19
5954,2,0,19
5955,4,1,0
5956,3,1,10
5957,2,0,4
5958,3,0,18
5959,3,1,17
5960,1,0,0
5961,0,1,18
5962,6,1,7
5963,2,1,0
5964,1,1,7
5965,7,0,13
5966,5,0,13
5967,4,0,20
5968,2,0,3
5969,5,1,20
5970,8,0,15
5971,1,0,18
5972,6,1,1
5973,3,0,5
5974,7,0,14
5975,7,1,7
5976,2,0,9
5977,2,0,18
5978,1,0,5
5979,3,1,0
5980,5,0,5
5981,0,0,18
5982,2,1,10
5983,5,0,13
5984,0,1,18
5985,7,1,3
5986,4,0,4
5987,2,1,0
5988,8,0,15
5989,1,0,5
5990,3,0,0
5991,2,1,1
5992,1,1,13
5993,7,1,7
5994,3,0,13
5995,1,1,5
5996,5,0,4
5997,3,0,5
5998,1,1,11
5999,8,0,11
6000,7,0,3
6001,0,0,13
6002,1,0,0
6003,3,0,18
6004,8,0,2
6005,2,0,10
6006,3,0,20
6007,4,0,17
6008,1,1,18
6009,1,1,13
6010,7,0,3
6011,0,1,18
6012,2,0,18
6013,6,1,3
6014,1,1,7
6015,4,0,17
6016,1,0,18
6017,3,0,13
6018,5,0,6
6019,1,0,19
6020,4,0,17
6021,5,0,10
6022,8,0,3
6023,2,0,4
6024,2,0,13
6025,2,1,10
6026,3,0,14
6027,2,0,18
6028,1,0,5
6029,3,1,10
6030,1,1,7
6031,0,1,1
6032,2,0,18
6033,3,0,18
6034,2,0,20
6035,1,0,18
6036,5,1,0
6037,2,0,18
6038,3,0,13
6039,5,0,11
6040,2,1,10
6041,3,0,20
6042,0,1,18
6043,3,0,19
6044,4,1,13
6045,6,1,7
6046,6,0,19
6047,8,0,3
6048,1,0,18
6049,7,0,4
6050,1,0,18
6051,4,0,4
6052,4,0,13
6053,1,0,5
6054,1,1,7
6055,3,0,13
6056,6,1,7
6057,2,1,10
6058,8,0,15
6059,5,0,17
6060,1,0,18
6061,3,1,10
6062,8,0,15
6063,4,0,0
6064,2,1,18
6065,2,0,20
6066,0,0,12
6067,1,1,18
6068,1,0,18
6069,3,0,13
6070,5,1,13
6071,3,1,10
6072,2,0,18
6073,3,0,10
6074,1,0,18
6075,4,0,4
6076,3,1,10
6077,7,1,0
6078,2,1,7
6079,1,0,18
6080,1,1,18
6081,0,0,13
6082,6,0,6
6083,8,0,15
6084,3,0,3
6085,1,0,18
6086,3,0,12
6087,6,0,2
6088,3,0,13
6089,6,1,13
6090,2,0,2
6091,2,0,18
6092,2,0,4
6093,1,1,13
6094,8,0,0
6095,6,1,10
6096,1,1,18
6097,2,0,18
6098,1,1,18
6099,3,0,5
6100,8,0,15
6101,2,0,2
6102,2,0,14
6103,4,1,0
6104,8,0,13
6105,5,1,0
6106,3,0,4
6107,4,1,3
6108,1,0,18
6109,3,0,13
6110,1,0,13
6111,3,1,3
6112,7,1,7
6113,5,0,0
6114,2,0,6
6115,2,1,7
6116,4,0,9
6117,5,1,20
6118,3,0,4
6119,2,0,14
6120,2,0,20
6121,4,0,4
6122,6,0,7
6123,5,0,14
6124,6,1,3
6125,2,0,19
6126,3,0,5
6127,2,0,3
6128,6,1,7
6129,2,1,3
6130,2,0,13
6131,2,1,0
6132,3,0,5
6133,8,0,0
6134,2,0,1
6135,8,0,15
6136,0,0,18
6137,7,0,14
6138,2,1,8
6139,6,1,13
6140,3,0,3
6141,4,0,3
6142,2,0,14
6143,8,0,15
6144,3,0,19
6145,2,0,2
6146,1,1,18
6147,7,0,4
6148,2,0,4
6149,2,0,4
6150,0,0,18
6151,4,0,3
6152,5,0,0
6153,4,1,20
6154,2,0,18
6155,2,1,10
6156,5,0,4
6157,1,0,4
6158,7,0,3
6159,0,0,18
6160,4,0,0
6161,2,0,18
6162,3,0,19
6163,1,1,7
6164,1,0,18
6165,1,0,19
6166,6,0,14
6167,4,1,20
6168,2,1,8
6169,6,0,4
6170,2,0,18
6171,1,0,18
6172,3,0,14
6173,1,0,0
6174,2,0,14
6175,2,0,4
6176,2,0,14
6177,4,0,3
6178,4,0,13
6179,6,1,3
6180,4,1,13
6181,2,1,13
6182,4,1,18
6183,3,0,20
6184,4,1,14
6185,3,0,4
6186,2,1,18
6187,4,0,14
6188,1,0,18
6189,6,0,10
6190,1,0,4
6191,1,0,14
6192,1,0,18
6193,5,1,0
6194,2,0,0
6195,8,0,0
6196,4,1,11
6197,2,0,14
6198,4,0,14
6199,3,1,1
6200,2,1,13
6201,1,1,5
6202,2,0,2
6203,4,1,18
6204,2,0,2
6205,2,0,19
6206,3,1,20
6207,1,0,18
6208,0,0,18
6209,3,0,17
6210,3,0,14
6211,6,0,10
6212,4,1,0
6213,3,0,19
6214,2,1,10
6215,1,0,5
6216,2,0,0
6217,6,0,14
6218,2,0,4
6219,2,0,19
6220,2,0,17
6221,2,0,18
6222,2,0,2
6223,0,1,18
6224,4,0,6
6225,5,0,4
6226,3,0,4
6227,4,1,3
6228,1,0,13
6229,5,1,7
6230,3,0,0
6231,2,0,1
6232,3,0,18
6233,3,0,14
6234,4,1,20
6235,2,1,18
6236,1,1,18
6237,0,0,18
6238,5,0,13
6239,5,0,20
6240,1,0,13
6241,3,0,4
6242,1,1,18
6243,4,0,17
6244,4,0,11
6245,4,0,14
6246,0,0,18
6247,2,1,13
6248,3,0,0
6249,2,0,6
6250,2,0,13
6251,6,0,0
6252,2,0,4
6253,0,0,18
6254,3,1,10
6255,0,0,13
6256,2,0,13
6257,4,0,13
6258,3,0,5
6259,8,1,10
6260,2,0,0
6261,1,1,4
6262,2,1,10
6263,3,0,6
6264,2,0,13
6265,3,0,14
6266,3,0,10
6267,0,0,18
6268,3,0,10
6269,1,0,18
6270,4,0,11
6271,2,0,18
6272,2,1,14
6273,3,0,4
6274,5,0,0
6275,1,0,13
6276,6,0,19
6277,1,0,18
6278,4,0,3
6279,1,0,18
6280,0,0,18
6281,2,1,14
6282,5,0,18
6283,1,1,7
6284,2,0,17
6285,1,0,18
6286,0,1,18
6287,8,0,15
6288,5,1,0
6289,3,0,1
6290,4,0,9
6291,3,1,1
6292,7,0,3
6293,0,0,18
6294,1,0,5
6295,1,1,7
6296,1,0,18
6297,2,1,10
6298,1,0,18
6299,1,0,4
6300,4,0,0
6301,7,0,4
6302,2,1,10
6303,2,0,9
6304,6,0,10
6305,1,0,4
6306,0,0,18
6307,3,0,13
6308,6,0,10
6309,7,1,7
6310,1,0,18
6311,2,1,0
6312,2,0,4
6313,5,0,13
6314,7,0,14
6315,2,0,18
6316,4,1,0
6317,3,0,14
6318,1,0,8
6319,4,0,10
6320,3,1,3
6321,6,0,3
6322,4,1,3
6323,0,0,18
6324,3,0,5
6325,3,0,5
6326,0,1,18
6327,2,0,13
6328,3,0,1
6329,7,0,7
6330,4,1,20
6331,4,0,18
6332,3,0,4
6333,1,1,18
6334,0,0,18
6335,3,0,4
6336,1,0,18
6337,7,1,13
6338,3,0,6
6339,6,1,13
6340,3,1,10
6341,4,0,18
6342,2,0,3
6343,3,0,3
6344,2,1,10
6345,2,0,14
6346,1,0,18
6347,0,0,18
6348,5,1,10
6349,2,0,0
6350,2,0,14
6351,5,0,3
6352,2,0,18
6353,2,1,13
6354,4,0,0
6355,2,0,13
6356,1,0,18
6357,2,0,9
6358,1,0,4
6359,1,0,4
6360,3,1,3
6361,6,0,10
6362,5,0,4
6363,4,0,1
6364,6,0,3
6365,5,0,7
6366,4,1,0
6367,1,1,18
6368,4,0,10
6369,4,0,17
6370,6,0,3
6371,6,1,6
6372,1,0,14
6373,6,0,0
6374,1,0,13
6375,7,0,3
6376,3,1,10
6377,1,0,18
6378,5,1,3
6379,1,0,18
6380,3,1,0
6381,3,0,13
6382,2,0,14
6383,6,0,4
6384,1,1,11
6385,4,0,1
6386,4,1,3
6387,4,1,3
6388,2,0,3
6389,6,0,14
6390,2,0,18
6391,2,0,9
6392,2,0,4
6393,0,0,18
6394,2,0,18
6395,3,0,13
6396,1,0,6
6397,1,1,5
6398,1,0,14
6399,5,0,19
6400,4,0,10
6401,4,0,9
6402,2,0,9
6403,1,0,20
6404,2,0,11
6405,6,1,0
6406,1,0,18
6407,4,1,13
6408,0,0,18
6409,8,0,16
6410,0,0,13
6411,6,0,20
6412,5,0,13
6413,5,0,0
6414,2,0,14
6415,4,0,6
6416,1,1,18
6417,2,0,4
6418,2,0,20
6419,2,0,20
6420,1,0,5
6421,8,0,3
6422,5,0,17
6423,6,0,3
6424,4,0,9
6425,8,1,15
6426,0,0,12
6427,2,1,13
6428,6,1,7
6429,1,0,5
6430,8,0,3
6431,1,0,18
6432,3,1,0
6433,4,0,3
6434,1,0,18
6435,1,1,18
6436,6,0,14
6437,2,0,13
6438,1,0,18
6439,1,0,4
6440,3,0,13
6441,3,0,0
6442,1,0,18
6443,0,0,13
6444,5,0,0
6445,3,0,4
6446,2,0,13
6447,1,0,4
6448,5,0,2
6449,3,0,17
6450,6,0,1
6451,2,0,18
6452,1,0,18
6453,3,0,14
6454,6,0,17
6455,0,0,18
6456,2,0,14
6457,1,1,18
6458,1,0,18
6459,0,0,18
6460,3,0,3
6461,4,1,3
6462,2,0,14
6463,4,1,18
6464,6,0,0
6465,3,1,1
6466,6,0,4
6467,5,1,13
6468,3,1,0
6469,1,0,13
6470,5,1,13
6471,1,0,12
6472,2,0,18
6473,3,0,13
6474,3,0,9
6475,3,1,10
6476,1,1,18
6477,3,0,3
6478,0,0,18
6479,2,1,13
6480,1,0,18
6481,1,0,4
6482,1,1,1
6483,6,0,14
6484,1,1,5
6485,7,0,3
6486,8,0,3
6487,5,1,20
6488,2,1,13
6489,6,0,3
6490,2,0,14
6491,1,0,18
6492,8,0,15
6493,1,0,18
6494,0,0,18
6495,2,0,5
6496,2,0,0
6497,1,1,18
6498,1,0,4
6499,7,1,3
6500,1,1,18
6501,2,1,13
6502,2,0,0
6503,2,0,4
6504,2,0,6
6505,1,0,20
6506,8,0,15
6507,1,0,14
6508,5,1,20
6509,3,0,10
6510,3,0,13
6511,5,1,3
6512,2,0,6
6513,2,0,13
6514,6,0,6
6515,2,0,14
6516,2,1,13
6517,0,0,18
6518,1,0,18
6519,4,0,1
6520,8,0,3
6521,3,0,3
6522,5,1,3
6523,1,0,18
6524,3,0,18
6525,5,0,13
6526,2,0,18
6527,2,0,2
6528,5,0,18
6529,2,1,10
6530,1,1,1
6531,8,0,14
6532,6,0,14
6533,0,0,18
6534,1,0,18
6535,1,1,7
6536,4,0,0
6537,5,0,13
6538,0,0,13
6539,1,0,18
6540,1,0,0
6541,4,1,13
6542,2,0,13
6543,7,0,3
6544,3,0,5
6545,4,1,13
6546,1,0,13
6547,1,0,4
6548,2,0,13
6549,2,1,18
6550,2,0,14
6551,1,0,4
6552,1,0,18
6553,8,0,3
6554,0,0,18
6555,7,1,7
6556,2,0,20
6557,3,1,1
6558,0,1,18
6559,1,0,19
6560,2,0,14
6561,7,0,4
6562,7,0,20
6563,2,0,14
6564,5,0,10
6565,3,1,16
6566,1,0,18
6567,1,0,18
6568,2,0,6
6569,3,0,20
6570,6,1,7
6571,7,0,3
6572,8,0,6
6573,3,0,5
6574,1,1,7
6575,8,0,3
6576,4,0,18
6577,3,0,13
6578,1,0,16
6579,1,0,5
6580,2,0,13
6581,1,0,4
6582,4,1,19
6583,6,0,4
6584,4,0,17
6585,8,1,10
6586,3,1,10
6587,3,0,10
6588,8,0,4
6589,5,0,6
6590,2,0,14
6591,8,0,13
6592,6,1,7
6593,1,0,0
6594,1,1,18
6595,4,0,0
6596,2,1,0
6597,4,0,10
6598,3,0,13
6599,8,1,10
6600,5,1,20
6601,2,1,13
6602,7,0,3
6603,0,0,18
6604,1,0,18
6605,3,0,3
6606,1,0,14
6607,0,1,18
6608,5,1,6
6609,3,0,6
6610,2,0,2
6611,4,0,4
6612,1,0,20
6613,6,1,7
6614,8,0,16
6615,6,0,3
6616,6,1,0
6617,5,1,0
6618,1,0,4
6619,6,0,13
6620,3,0,4
6621,1,0,14
6622,0,0,18
6623,3,0,17
6624,0,0,18
6625,3,0,14
6626,1,0,18
6627,4,1,13
6628,2,0,18
6629,1,1,13
6630,2,0,4
6631,2,0,14
6632,1,0,18
6633,3,0,0
6634,8,0,15
6635,4,0,14
6636,6,0,2
6637,2,0,1
6638,1,0,8
6639,1,0,18
6640,1,0,18
6641,3,0,13
6642,4,0,13
6643,3,0,18
6644,2,0,14
6645,3,1,13
6646,0,1,1
6647,0,0,18
6648,1,1,7
6649,3,0,13
6650,0,1,1
6651,1,1,18
6652,3,0,13
6653,6,0,4
6654,3,0,4
6655,6,1,0
6656,3,1,10
6657,2,0,14
6658,3,0,5
6659,8,0,15
6660,1,0,4
6661,3,0,19
6662,2,0,6
6663,4,0,4
6664,7,0,3
6665,3,1,10
6666,8,0,14
6667,6,1,1
6668,1,0,4
6669,2,1,18
6670,2,1,13
6671,1,0,4
6672,6,0,3
6673,5,1,7
6674,8,0,14
6675,4,0,11
6676,3,0,5
6677,2,0,14
6678,2,1,7
6679,8,0,3
6680,2,0,13
6681,1,0,18
6682,2,0,13
6683,7,0,3
6684,2,1,0
6685,2,0,0
6686,8,0,0
6687,4,1,3
6688,4,0,1
6689,6,0,3
6690,3,0,20
6691,8,0,13
6692,1,0,18
6693,1,0,19
6694,5,1,20
6695,2,1,10
6696,3,0,4
6697,1,1,7
6698,1,0,18
6699,3,0,10
6700,0,1,18
6701,2,0,18
6702,4,1,18
6703,2,0,18
6704,2,0,6
6705,3,0,3
6706,1,0,18
6707,5,0,2
6708,3,0,6
6709,5,0,14
6710,1,0,18
6711,0,0,18
6712,2,0,13
6713,0,1,20
6714,3,0,4
6715,2,0,9
6716,2,1,18
6717,1,0,4
6718,2,0,20
6719,3,0,4
6720,0,0,18
6721,2,0,13
6722,6,0,10
6723,2,0,2
6724,2,0,20
6725,2,0,14
6726,0,1,18
6727,1,0,6
6728,1,0,18
6729,1,1,18
6730,4,0,4
6731,1,0,4
6732,7,0,20
6733,1,0,20
6734,2,0,18
6735,2,0,4
6736,0,0,18
6737,5,0,6
6738,5,0,4
6739,4,0,11
6740,1,0,5
6741,5,1,10
6742,2,0,6
6743,2,0,11
6744,1,0,20
6745,1,1,7
6746,6,0,2
6747,3,0,14
6748,7,1,3
6749,3,0,5
6750,2,1,10
6751,1,0,5
6752,1,1,18
6753,3,1,0
6754,2,0,20
6755,0,0,18
6756,2,0,18
6757,0,0,18
6758,1,0,18
6759,6,0,6
6760,5,0,4
6761,2,0,18
6762,7,0,13
6763,1,0,5
6764,1,0,20
6765,3,0,13
6766,3,0,10
6767,1,0,19
6768,2,0,14
6769,1,0,20
6770,2,0,20
6771,1,0,18
6772,8,0,4
6773,3,0,5
6774,6,0,13
6775,6,0,3
6776,4,1,10
6777,8,0,11
6778,5,0,4
6779,1,0,17
6780,4,1,0
6781,3,0,17
6782,3,0,3
6783,0,1,20
6784,5,0,14
6785,1,0,18
6786,5,0,4
6787,0,0,18
6788,4,0,3
6789,3,1,0
6790,1,0,12
6791,5,1,13
6792,0,1,18
6793,3,0,5
6794,5,0,4
6795,2,0,18
6796,2,0,18
6797,0,0,18
6798,7,0,13
6799,4,0,17
6800,7,0,14
6801,2,1,10
6802,4,0,13
6803,5,0,10
6804,0,0,18
6805,2,0,20
6806,3,1,20
6807,4,0,18
6808,0,1,18
6809,3,0,14
6810,3,0,3
6811,1,1,18
6812,7,0,13
6813,1,0,9
6814,4,0,14
6815,5,0,4
6816,1,0,20
6817,0,0,18
6818,6,0,10
6819,2,1,0
6820,5,0,10
6821,1,0,18
6822,3,0,1
6823,1,1,11
6824,1,0,18
6825,5,0,6
6826,1,1,7
6827,4,1,13
6828,6,0,14
6829,1,0,18
6830,2,0,14
6831,7,0,20
6832,0,0,13
6833,8,0,3
6834,0,1,18
6835,5,1,10
6836,0,0,18
6837,1,0,18
6838,6,1,7
6839,7,0,14
6840,2,0,18
6841,2,1,18
6842,0,0,18
6843,6,1,0
6844,2,0,19
6845,1,1,18
6846,4,0,13
6847,1,0,18
6848,5,0,0
6849,1,1,13
6850,3,0,3
6851,2,0,14
6852,2,0,20
6853,7,0,3
6854,2,1,13
6855,5,0,6
6856,1,0,18
6857,1,0,4
6858,2,0,19
6859,7,0,14
6860,0,0,18
6861,1,0,13
6862,0,1,18
6863,2,0,18
6864,2,0,0
6865,6,1,0
6866,1,0,14
6867,3,0,1
6868,1,0,18
6869,5,1,20
6870,2,0,18
6871,4,0,10
6872,1,1,7
6873,1,0,18
6874,8,0,0
6875,5,1,11
6876,2,0,18
6877,0,1,16
6878,3,0,17
6879,1,0,18
6880,1,0,13
6881,1,0,18
6882,2,0,6
6883,2,0,20
6884,6,0,3
6885,2,0,20
6886,5,0,4
6887,2,0,20
6888,0,1,18
6889,3,0,13
6890,2,0,1
6891,1,0,13
6892,0,0,18
6893,8,0,15
6894,1,0,18
6895,3,0,19
6896,5,0,14
6897,5,1,10
6898,7,0,10
6899,2,0,19
6900,0,0,18
6901,3,0,20
6902,2,0,4
6903,4,0,18
6904,4,0,0
6905,8,0,15
6906,4,0,6
6907,8,0,3
6908,7,1,0
6909,1,0,12
6910,7,0,0
6911,8,1,10
6912,2,0,19
6913,3,0,14
6914,5,1,20
6915,2,0,13
6916,1,0,4
6917,3,0,3
6918,1,1,7
6919,0,0,18
6920,8,0,4
6921,4,1,20
6922,1,1,0
6923,3,0,17
6924,1,0,19
6925,8,0,0
6926,2,0,6
6927,2,0,6
6928,3,0,6
6929,7,1,7
6930,4,0,0
6931,2,0,14
6932,5,0,10
6933,3,0,0
6934,6,0,0
6935,1,0,19
6936,3,0,11
6937,7,1,7
6938,2,0,0
6939,7,0,3
6940,1,0,14
6941,0,1,1
6942,5,0,14
6943,1,1,1
