iid,i_year,i_Action,i_Adventure,i_Animation,i_Children's,i_Comedy,i_Crime,i_Documentary ,i_Drama ,i_Fantasy ,i_Film-Noir ,i_Horror ,i_Musical ,i_Mystery ,i_Romance ,i_Sci-Fi ,i_Thriller ,i_War ,i_Western,i_Other
1,5,0,0,0,1,1,1,0,0,0,0,0,0,0,0,0,0,0,0,0
2,5,0,1,1,0,0,0,0,0,0,0,0,0,0,0,0,0,1,0,0
3,5,0,0,0,0,0,0,0,0,0,0,0,0,0,0,0,0,1,0,0
4,5,0,1,0,0,0,1,0,0,1,0,0,0,0,0,0,0,0,0,0
5,5,0,0,0,0,0,0,1,0,1,0,0,0,0,0,0,0,1,0,0
6,5,0,0,0,0,0,0,0,0,1,0,0,0,0,0,0,0,0,0,0
7,5,0,0,0,0,0,0,0,0,1,0,0,0,0,0,0,1,0,0,0
8,5,0,0,0,0,1,1,0,0,1,0,0,0,0,0,0,0,0,0,0
9,5,0,0,0,0,0,0,0,0,1,0,0,0,0,0,0,0,0,0,0
10,6,0,0,0,0,0,0,0,0,1,0,0,0,0,0,0,0,0,1,0
11,5,0,0,0,0,0,0,1,0,0,0,0,0,0,0,0,0,1,0,0
12,5,0,0,0,0,0,0,1,0,0,0,0,0,0,0,0,0,1,0,0
13,5,0,0,0,0,0,1,0,0,0,0,0,0,0,0,0,0,0,0,0
14,4,0,0,0,0,0,0,0,0,1,0,0,0,0,0,1,0,0,0,0
15,6,0,0,0,0,0,0,0,0,1,0,0,0,0,0,0,0,0,0,0
16,5,0,0,0,0,0,1,0,0,0,0,0,0,0,0,1,0,0,0,0
17,6,0,1,0,0,0,1,1,0,0,0,0,1,0,0,0,0,1,0,0
18,5,0,0,0,0,0,0,0,0,1,0,0,0,0,0,0,0,0,0,0
19,5,0,0,0,0,0,0,0,0,1,0,0,0,0,0,0,0,0,0,0
20,5,0,0,0,0,0,0,0,0,1,0,0,0,0,0,1,0,0,0,0
21,6,0,1,1,0,0,1,0,0,0,0,0,0,1,0,0,0,1,0,0
22,6,0,1,0,0,0,0,0,0,1,0,0,0,0,0,0,0,0,1,0
23,6,0,0,0,0,0,0,0,0,1,0,0,0,0,0,0,0,1,0,0
24,6,0,1,1,0,0,0,1,0,0,0,0,0,0,0,0,0,0,0,0
25,6,0,0,0,0,0,1,0,0,0,0,0,0,0,0,0,0,0,0,0
26,5,0,0,0,0,0,1,0,0,0,0,0,0,0,0,0,0,0,0,0
27,5,0,1,0,0,0,0,0,0,0,0,0,0,0,0,0,0,0,0,0
28,5,0,1,0,0,0,0,0,0,1,0,0,0,0,0,0,0,1,0,0
29,5,0,1,1,0,0,1,1,0,0,0,0,0,0,0,0,0,0,0,0
30,1,0,0,0,0,0,0,0,0,1,0,0,0,0,0,0,0,0,0,0
31,5,0,0,0,0,0,0,0,0,1,0,0,0,0,0,0,0,1,1,0
32,4,0,0,0,0,0,0,0,1,0,0,0,0,0,0,0,0,0,0,0
33,5,0,1,0,0,0,0,0,0,0,0,0,0,0,0,1,0,1,0,0
34,5,0,0,0,0,0,1,0,0,1,0,0,0,0,0,0,0,0,0,0
35,5,0,0,1,0,1,0,0,0,1,0,0,0,0,0,0,0,0,0,0
36,5,0,0,0,0,0,0,0,0,1,0,0,0,0,0,1,0,0,0,0
37,4,0,0,0,0,0,0,0,0,1,0,0,0,0,0,0,0,0,0,0
38,5,0,0,0,0,0,0,0,0,0,0,0,0,0,0,0,1,1,0,0
39,5,0,1,0,0,0,0,1,0,0,0,0,0,0,0,0,1,0,0,0
40,5,0,0,0,0,0,1,0,0,0,0,0,0,0,0,0,0,0,0,0
41,5,0,0,0,0,0,1,0,0,0,0,0,0,0,0,0,0,0,0,0
42,4,0,0,0,0,0,1,0,0,0,0,0,0,0,0,0,0,0,0,0
43,4,0,0,0,0,0,0,0,0,1,0,0,0,0,0,0,0,1,0,0
44,4,0,0,0,0,0,0,0,0,1,0,0,0,0,0,0,0,1,0,0
45,4,0,0,0,0,0,1,0,0,1,0,0,0,0,0,0,0,0,0,0
46,4,0,0,0,0,0,0,0,0,1,0,0,0,0,0,0,0,0,0,0
47,4,0,0,0,0,0,1,0,0,1,0,0,0,0,0,0,0,0,0,0
48,4,0,0,0,0,0,0,0,1,0,0,0,0,0,0,0,0,0,0,0
49,4,0,0,0,0,0,1,0,0,0,0,0,0,0,0,1,0,0,0,0
50,1,0,1,1,0,0,0,0,0,0,0,0,0,0,0,1,1,0,1,0
51,4,0,0,0,0,0,0,0,0,1,0,0,0,0,0,1,0,0,1,1
52,4,0,0,0,0,0,0,0,0,1,0,0,0,0,0,0,0,0,0,0
53,4,0,1,0,0,0,0,0,0,0,0,0,0,0,0,0,0,1,0,0
54,5,0,1,0,0,0,0,0,0,1,0,0,0,0,0,0,0,1,0,0
55,4,0,0,0,0,0,0,1,0,1,0,0,0,0,0,1,0,1,0,0
56,4,0,0,0,0,0,0,1,0,1,0,0,0,0,0,0,0,0,0,0
57,4,0,0,0,0,0,0,0,0,1,0,0,0,0,0,0,0,0,0,0
58,4,0,0,0,0,0,0,0,0,1,0,0,0,0,0,0,0,0,0,0
59,4,0,0,0,0,0,0,0,0,1,0,0,0,0,0,0,0,0,0,0
60,3,0,0,0,0,0,0,0,0,1,0,0,0,0,0,0,0,0,0,0
61,4,0,0,0,0,0,0,0,0,1,0,0,0,0,0,0,0,0,0,0
62,4,0,1,1,0,0,0,0,0,0,0,0,0,0,0,0,1,0,0,0
63,4,0,0,0,0,1,1,0,0,0,0,0,0,0,0,0,0,0,0,0
64,4,0,0,0,0,0,0,0,0,1,0,0,0,0,0,0,0,0,0,0
65,3,0,0,0,0,0,1,0,0,1,0,0,0,0,0,0,0,0,0,0
66,5,0,0,0,0,0,1,0,0,0,0,0,0,0,0,1,0,0,0,0
67,4,0,0,0,0,0,1,0,0,0,0,0,0,0,0,0,0,0,0,0
68,4,0,1,0,0,0,0,0,0,0,0,0,0,0,0,1,0,1,0,0
69,4,0,0,0,0,0,1,0,0,0,0,0,0,0,0,1,0,0,1,0
70,4,0,0,0,0,0,1,0,0,0,0,0,0,0,0,1,0,0,0,0
71,4,0,0,0,1,1,0,0,0,0,0,0,0,1,0,0,0,0,0,0
72,4,0,0,0,0,0,1,1,0,0,1,0,0,0,0,0,0,0,0,0
73,4,0,1,0,0,0,1,0,0,0,0,0,0,0,0,0,0,0,0,1
74,1,0,1,0,0,0,1,0,0,1,0,0,0,0,0,0,0,0,0,0
75,4,0,0,0,0,0,0,0,1,0,0,0,0,0,0,0,0,0,0,0
76,3,0,0,0,0,0,0,1,0,1,0,0,0,0,0,0,0,0,0,0
77,3,0,0,0,0,0,0,0,0,1,0,0,0,0,0,0,0,1,0,0
78,3,0,0,1,0,1,0,0,0,1,0,0,0,0,0,0,0,0,0,0
79,3,0,1,0,0,0,0,0,0,0,0,0,0,0,0,0,0,1,0,0
80,3,0,1,0,0,0,1,0,0,0,0,0,0,0,0,0,0,0,1,0
81,4,0,0,0,0,0,1,0,0,0,0,0,0,0,0,1,0,0,0,0
82,3,0,1,1,0,0,0,0,0,0,0,0,0,0,0,0,1,0,0,0
83,3,0,0,0,0,0,1,0,0,0,0,0,0,0,0,1,0,0,0,0
84,4,0,0,0,0,0,0,0,0,0,0,0,1,0,0,0,1,0,0,0
85,4,0,0,0,0,0,1,0,0,0,0,0,0,0,0,0,0,0,0,0
86,3,0,0,0,0,0,0,0,0,1,0,0,0,0,0,0,0,0,0,0
87,3,0,0,0,0,0,0,0,0,1,0,0,0,0,0,0,0,0,0,0
88,3,0,0,0,0,0,1,0,0,0,0,0,0,0,0,1,0,0,0,0
89,1,0,0,0,0,0,0,0,0,0,0,1,0,0,0,0,1,0,0,0
90,3,0,0,0,0,0,1,0,0,0,0,0,0,0,0,1,0,1,0,0
91,3,0,0,0,0,1,1,0,0,0,0,0,0,1,0,0,0,0,0,0
92,3,0,1,0,0,0,0,1,0,0,0,0,0,0,0,1,0,0,0,0
93,6,0,0,0,0,0,1,0,0,1,0,0,0,0,0,0,0,0,0,0
94,2,0,0,0,0,1,1,0,0,0,0,0,0,0,0,0,0,0,0,0
95,2,0,0,0,1,1,1,0,0,0,0,0,0,1,0,0,0,0,0,0
96,2,0,1,0,0,0,0,0,0,0,0,0,0,0,0,0,1,1,0,0
97,2,0,0,1,0,0,0,0,0,1,0,0,0,0,0,0,0,0,0,1
98,2,0,0,0,0,0,0,0,0,1,0,0,0,0,0,0,0,1,0,0
99,1,0,0,0,1,1,0,0,0,0,0,0,0,1,0,0,0,0,0,0
100,7,0,0,0,0,0,0,1,0,1,0,0,0,0,0,0,0,1,0,0
101,1,0,1,1,1,0,0,0,0,0,0,0,1,0,0,0,1,0,0,0
102,1,0,0,0,1,1,0,0,0,0,0,0,0,0,0,0,0,0,0,0
103,6,0,0,0,1,1,0,0,0,0,0,0,0,1,0,0,0,0,0,0
104,6,0,0,0,0,0,1,0,0,0,0,0,0,0,0,0,0,0,0,0
105,6,0,0,0,0,0,1,0,0,0,0,0,0,0,0,0,0,0,0,0
106,6,0,0,0,0,0,0,0,0,1,0,0,0,0,0,0,0,1,0,0
107,6,0,0,0,0,0,0,0,0,1,0,0,0,0,0,0,0,0,0,0
108,6,0,0,0,0,0,1,0,0,0,0,0,0,0,0,0,0,0,0,0
109,6,0,0,0,0,0,1,0,0,0,0,0,0,0,0,0,1,0,0,0
110,5,0,1,1,0,0,1,0,0,0,0,0,0,0,0,0,0,0,1,0
111,6,0,0,0,0,0,1,0,0,0,0,0,0,0,0,1,0,0,0,0
112,6,0,0,1,0,1,0,0,0,0,0,0,0,0,0,0,0,0,0,0
113,6,0,0,0,0,0,0,0,0,1,0,0,0,0,0,0,0,0,0,0
114,6,0,0,0,1,0,0,0,0,0,0,0,0,0,0,0,0,0,0,0
115,6,0,0,0,0,0,0,0,1,0,0,0,0,0,0,0,0,0,0,0
116,6,0,0,0,0,0,1,0,0,0,0,0,0,0,0,0,0,0,0,0
117,6,0,1,1,0,0,0,0,0,0,0,0,0,0,0,0,0,1,0,0
118,6,0,1,1,0,0,0,0,0,0,0,0,0,0,0,0,0,1,0,0
119,4,0,0,0,0,0,0,0,1,0,0,0,0,0,0,0,0,0,0,0
120,6,0,0,0,0,0,1,1,0,0,0,0,0,0,0,0,0,0,0,0
121,6,0,1,0,0,0,0,0,0,0,0,0,0,0,0,0,1,0,1,0
122,6,0,0,0,0,0,1,0,0,0,0,0,0,0,0,0,0,0,0,0
123,6,0,0,0,0,0,1,0,0,0,0,0,1,0,0,0,0,0,0,0
124,6,0,0,0,0,0,0,0,0,1,0,0,0,0,1,0,0,0,0,0
125,6,0,0,0,0,0,0,0,0,1,0,0,0,0,0,1,0,0,0,0
126,6,0,0,0,0,0,0,0,0,1,0,0,0,0,0,0,0,0,0,0
127,1,0,1,0,0,0,0,1,0,1,0,0,0,0,0,0,0,0,0,0
128,6,0,1,0,0,0,0,0,0,0,0,0,0,0,0,0,0,1,0,0
129,6,0,0,0,0,0,0,1,0,1,0,0,0,0,0,1,0,1,0,0
130,6,0,0,0,0,0,0,1,0,0,0,0,0,0,0,0,0,0,0,0
131,1,0,0,0,0,0,0,0,0,1,0,0,0,0,0,1,0,0,0,0
132,1,0,0,1,0,1,0,0,0,1,0,0,0,1,0,0,0,0,0,0
133,1,0,0,0,0,0,0,0,0,1,0,0,0,0,0,1,0,0,1,0
134,1,0,0,0,0,0,0,0,0,1,0,0,0,0,0,0,0,0,0,0
135,1,0,0,0,0,0,0,0,0,1,0,0,0,0,1,0,1,1,0,0
136,1,0,0,0,0,0,0,0,0,1,0,0,0,0,0,0,0,0,0,0
137,6,0,0,0,0,0,0,0,0,1,0,0,0,0,0,0,0,0,0,0
138,6,0,0,0,0,1,1,0,0,0,0,0,0,0,0,0,0,0,0,0
139,1,0,0,0,0,1,1,0,0,0,0,0,0,0,0,0,0,0,0,0
140,3,0,0,1,0,1,0,0,0,0,0,0,0,0,0,0,0,0,0,0
141,1,0,0,1,0,1,0,0,0,0,1,0,0,0,0,0,1,0,0,0
142,1,0,0,1,0,1,0,0,0,0,0,0,0,1,0,0,0,0,0,0
143,1,0,0,0,0,0,0,0,0,0,0,0,0,1,0,0,0,0,0,0
144,1,0,1,0,0,0,0,0,0,0,0,0,0,0,0,0,0,1,0,0
145,2,0,1,0,0,0,0,0,0,0,0,0,0,0,0,0,1,1,0,0
146,6,0,0,0,0,0,0,0,0,1,0,0,0,0,0,0,0,0,0,0
147,6,0,1,0,0,0,0,0,0,0,0,0,0,0,0,0,0,1,0,0
148,6,0,1,1,0,0,0,0,0,0,0,0,0,0,0,0,0,0,0,0
149,6,0,0,0,0,0,0,0,0,1,0,0,0,0,0,0,0,0,0,0
150,6,0,0,0,0,0,1,0,0,1,0,0,0,0,0,0,0,0,0,0
151,1,0,0,1,0,1,1,0,0,0,0,0,0,0,0,0,0,0,0,0
152,1,0,0,0,0,0,1,0,0,0,0,0,0,0,0,0,1,0,0,0
153,1,0,0,0,0,0,1,0,0,0,0,0,0,0,0,0,0,0,0,0
154,1,0,0,0,0,0,1,0,0,0,0,0,0,0,0,0,0,0,0,0
155,1,0,0,0,0,0,0,0,0,0,0,0,0,1,0,1,0,0,0,0
156,2,0,0,0,0,0,0,1,0,0,0,0,0,0,0,0,0,1,0,0
157,1,0,0,0,0,0,0,0,0,1,0,0,0,0,0,0,0,0,1,0
158,1,0,0,0,0,0,1,0,0,0,0,0,0,0,0,0,0,0,0,0
159,2,0,0,0,0,0,0,0,0,0,0,0,0,0,1,0,0,1,0,0
160,2,0,0,0,0,0,0,0,0,1,0,0,0,0,0,0,0,0,0,0
161,1,0,1,0,0,0,0,0,0,0,0,0,0,0,0,1,0,0,0,0
162,1,0,0,0,0,0,0,0,0,1,0,0,0,0,0,0,0,0,0,0
163,1,0,0,0,0,0,1,0,0,0,0,0,0,0,0,0,0,0,0,0
164,1,0,1,1,0,0,0,0,0,0,0,0,0,0,0,0,1,1,0,0
165,1,0,0,0,0,0,0,0,0,1,0,0,0,0,0,0,0,0,0,0
166,1,0,0,0,0,0,0,0,0,1,0,0,0,0,0,0,0,0,0,0
167,1,0,0,0,0,0,1,0,0,0,0,0,0,0,0,0,0,0,0,0
168,1,0,0,0,0,0,1,0,0,0,0,0,0,0,0,0,0,0,0,0
169,3,0,0,0,1,0,1,0,0,0,0,0,0,0,0,0,0,0,0,0
170,1,0,0,0,0,0,1,0,0,1,0,0,0,0,0,1,0,0,0,0
171,2,0,0,0,0,0,1,0,0,0,0,0,0,0,0,0,1,0,0,0
172,1,0,1,1,0,0,0,0,0,1,0,0,0,0,0,1,1,0,1,0
173,1,0,1,1,0,0,1,0,0,0,0,0,0,0,0,1,0,0,0,0
174,1,0,1,1,0,0,0,0,0,0,0,0,0,0,0,0,0,0,0,0
175,1,0,0,0,0,0,0,0,0,0,0,0,0,0,0,0,1,0,0,0
176,1,0,1,0,0,0,0,0,0,0,0,0,0,0,0,0,1,1,1,0
177,1,0,1,0,0,0,0,0,0,0,0,0,0,0,0,0,0,0,0,1
178,1,0,0,0,0,0,0,0,0,1,0,0,0,0,0,0,0,0,0,0
179,1,0,0,0,0,0,0,0,0,0,0,0,0,0,0,0,1,0,0,0
180,1,0,0,0,0,0,0,0,0,1,0,0,0,0,0,0,0,0,1,0
181,7,0,1,1,0,0,0,0,0,0,0,0,0,0,0,1,1,0,1,0
182,2,0,0,0,0,0,0,1,0,1,0,0,0,0,0,0,0,0,0,0
183,1,0,1,0,0,0,0,0,0,0,0,0,1,0,0,0,1,1,0,0
184,3,0,1,1,0,0,1,0,0,0,0,0,1,0,0,0,1,0,0,0
185,1,0,0,0,0,0,0,0,0,0,0,0,1,0,0,1,0,1,0,0
186,1,0,1,0,0,0,1,0,0,0,0,0,0,1,0,0,0,0,0,0
187,1,0,1,0,0,0,0,1,0,1,0,0,0,0,0,0,0,0,0,0
188,1,0,1,0,0,0,0,0,0,1,0,0,0,0,0,0,0,0,1,0
189,2,0,0,0,1,0,1,0,0,0,0,0,0,0,0,0,0,0,0,0
190,1,0,0,0,0,0,0,0,0,1,0,0,0,0,0,0,0,0,1,0
191,1,0,0,0,0,0,0,0,0,1,0,0,0,0,1,0,0,0,0,0
192,1,0,0,0,0,0,0,0,0,1,0,0,0,0,0,0,0,0,0,0
193,1,0,0,0,0,0,0,0,0,1,0,0,0,0,0,0,0,0,0,0
194,1,0,0,0,0,0,1,1,0,0,0,0,0,0,0,0,0,0,0,0
195,1,0,1,0,0,0,0,0,0,0,0,0,0,0,0,0,1,1,0,0
196,1,0,0,0,0,0,0,0,0,1,0,0,0,0,0,0,0,0,0,0
197,1,0,0,0,0,0,0,0,0,1,0,0,0,0,0,1,0,0,0,0
198,2,0,0,0,0,0,0,0,0,0,0,0,0,0,0,0,0,1,0,0
199,1,0,0,0,0,0,0,0,0,1,0,0,0,0,0,0,0,0,1,0
200,1,0,0,0,0,0,0,0,0,0,0,0,1,0,0,0,0,0,0,0
201,1,0,1,1,0,0,1,0,0,0,0,0,1,0,0,0,0,0,0,0
202,3,0,0,0,0,0,1,0,0,0,0,0,0,0,0,1,0,0,0,0
203,2,0,0,0,0,0,0,0,0,0,0,0,0,0,0,0,0,0,0,1
204,1,0,0,0,0,0,1,0,0,0,0,0,0,0,0,0,1,0,0,0
205,1,0,0,0,0,0,0,0,0,1,0,0,0,0,0,0,0,0,1,0
206,1,0,0,1,1,0,0,0,0,0,0,0,0,0,0,0,1,1,0,0
207,2,0,1,0,0,0,0,0,0,1,0,0,0,0,0,1,0,0,0,0
208,1,0,0,0,0,0,1,0,0,0,0,0,1,0,0,0,0,0,0,0
209,1,0,0,0,0,0,1,0,0,1,0,0,0,1,0,0,0,0,0,0
210,1,0,1,1,0,0,0,0,0,0,0,0,0,0,0,0,0,0,0,0
211,1,0,0,0,0,0,1,0,0,0,0,0,0,0,0,0,0,0,1,0
212,1,0,0,0,0,0,0,0,0,1,0,0,0,0,0,0,0,0,0,0
213,1,0,0,0,0,0,0,0,0,1,0,0,0,0,0,1,0,0,0,0
214,1,0,0,0,0,0,0,0,0,1,0,0,0,1,0,0,0,0,1,0
215,1,0,0,0,0,0,0,0,0,1,0,0,0,0,0,0,0,0,0,0
216,1,0,0,0,0,0,1,0,0,0,0,0,0,0,0,1,0,0,0,0
217,2,0,0,0,0,0,0,0,0,0,0,0,1,0,0,1,0,0,0,0
218,2,0,0,0,0,0,0,0,0,0,0,0,0,0,0,0,0,1,0,0
219,1,0,0,0,0,0,0,0,0,0,0,0,1,0,0,0,0,0,0,0
220,6,0,0,0,0,0,1,0,0,0,0,0,0,0,0,1,0,0,0,0
221,6,0,0,0,0,0,0,0,0,1,0,0,0,0,0,0,0,0,0,0
222,6,0,1,1,0,0,0,0,0,0,0,0,0,0,0,0,1,0,0,0
223,6,0,0,0,0,0,0,0,0,1,0,0,0,0,0,0,0,1,0,0
224,6,0,0,0,0,0,0,0,0,1,0,0,0,0,0,0,0,0,0,0
225,6,0,0,0,0,1,1,0,0,0,0,0,0,0,0,0,0,0,0,0
226,2,0,1,0,0,0,0,0,0,0,0,0,0,0,0,0,0,1,0,0
227,2,0,1,1,0,0,0,0,0,0,0,0,0,0,0,0,1,0,0,0
228,1,0,1,1,0,0,0,0,0,0,0,0,0,0,0,0,1,0,0,0
229,1,0,1,1,0,0,0,0,0,0,0,0,0,0,0,0,1,0,0,0
230,1,0,1,1,0,0,0,0,0,0,0,0,0,0,0,0,1,0,0,0
231,2,0,1,1,0,0,1,1,0,0,0,0,0,0,0,0,0,0,0,0
232,1,0,1,0,0,0,1,0,0,0,0,0,0,0,0,0,0,0,0,1
233,2,0,1,0,0,0,0,0,0,0,0,0,0,0,0,0,0,0,0,0
234,1,0,1,0,0,0,0,0,0,0,0,0,1,0,0,0,0,0,0,0
235,6,0,1,0,0,0,1,0,0,0,0,0,0,0,0,0,1,0,1,0
236,6,0,0,0,0,0,1,0,0,1,0,0,0,0,0,0,0,0,0,0
237,6,0,0,0,0,0,0,0,0,1,0,0,0,0,0,1,0,0,0,0
238,1,0,0,0,0,0,1,0,0,0,0,0,0,0,0,0,0,0,0,0
239,2,0,0,0,0,0,0,1,0,1,0,0,0,0,0,0,1,0,0,0
240,6,0,0,0,1,0,1,0,0,0,0,0,0,0,0,0,0,0,0,0
241,2,0,1,0,0,0,0,0,0,0,0,0,0,0,0,1,0,0,1,0
242,7,0,0,0,0,0,1,0,0,0,0,0,0,0,0,0,0,0,0,0
243,7,0,0,0,0,1,1,0,0,0,0,0,0,0,0,0,0,0,0,0
244,7,0,1,0,0,0,0,0,0,1,0,0,0,0,0,0,0,1,0,0
245,7,0,1,0,0,0,0,0,0,1,0,0,0,0,0,0,0,1,1,0
246,7,0,0,0,0,0,0,0,0,1,0,0,0,0,0,1,0,0,0,0
247,7,0,1,1,0,1,0,0,0,0,0,0,0,0,0,0,0,0,0,0
248,7,0,0,0,0,0,1,1,0,0,0,0,0,0,0,0,0,0,0,0
249,7,0,0,0,0,0,1,0,0,0,0,0,0,0,0,0,0,0,0,0
250,7,0,1,0,0,0,0,0,0,0,0,0,0,0,0,0,1,0,0,0
251,7,0,0,0,0,0,1,0,0,0,0,0,0,0,0,0,0,0,0,0
252,7,0,1,1,0,0,0,0,0,0,0,0,0,0,0,0,1,1,0,0
253,7,0,0,0,0,0,0,0,0,1,0,0,0,0,0,1,0,0,0,0
254,7,0,1,1,0,0,0,1,0,0,0,0,0,0,0,0,0,0,0,0
255,7,0,0,0,0,0,1,0,0,0,0,0,0,0,0,1,0,0,0,0
256,7,0,0,0,0,0,1,0,0,0,0,0,0,0,0,1,0,0,0,0
257,7,0,1,1,0,0,1,0,0,0,0,0,0,0,0,0,1,0,0,0
258,7,0,0,0,0,0,0,0,0,1,0,0,0,0,0,0,1,0,0,0
259,7,0,0,0,0,1,1,0,0,0,0,0,0,0,0,0,0,0,0,0
260,7,0,1,0,0,0,0,0,0,0,0,0,0,0,1,0,1,1,0,0
261,7,0,0,0,0,1,1,0,0,0,0,0,0,0,0,0,0,0,0,0
262,7,0,0,0,0,0,0,0,0,1,0,0,0,0,0,0,0,0,0,0
263,7,0,1,0,0,0,0,0,0,0,0,0,0,0,0,0,0,0,0,0
264,7,0,0,0,0,0,0,0,0,0,0,0,0,0,0,0,1,1,0,0
265,2,0,1,0,0,0,0,0,0,0,0,0,0,0,0,0,0,1,0,0
266,7,0,1,1,0,0,0,0,0,0,0,0,0,0,0,0,0,0,0,0
267,0,1,0,0,0,0,0,0,0,0,0,0,0,0,0,0,0,0,0,0
268,7,0,0,0,0,0,0,0,0,1,0,0,0,0,0,1,0,0,0,0
269,7,0,0,0,0,0,1,0,0,0,0,0,0,0,0,0,0,0,0,0
270,7,0,0,0,0,0,0,0,0,1,0,0,0,0,0,0,1,1,0,0
271,7,0,1,1,0,0,0,0,0,0,0,0,0,0,0,0,1,0,1,0
272,7,0,0,0,0,0,0,0,0,1,0,0,0,0,0,0,0,0,0,0
273,5,0,1,0,0,0,0,1,0,0,0,0,0,0,0,0,0,1,0,0
274,5,0,0,0,0,0,1,0,0,0,0,0,0,0,0,1,0,0,0,0
275,5,0,0,0,0,0,0,0,0,1,0,0,0,0,0,1,0,0,0,0
276,5,0,0,0,0,0,0,0,0,1,0,0,0,0,0,1,0,0,0,0
277,5,0,0,0,0,0,0,0,0,1,0,0,0,0,0,0,0,0,0,0
278,6,0,0,0,0,0,0,0,0,1,0,0,0,0,0,1,0,0,0,0
279,5,0,0,0,0,0,0,0,0,1,0,0,0,0,0,0,0,0,0,0
280,6,0,0,0,0,0,0,0,0,1,0,0,0,0,0,1,0,0,0,0
281,4,0,1,0,0,0,0,0,0,0,0,0,0,0,0,0,0,1,0,0
282,6,0,0,0,0,0,0,0,0,1,0,0,0,0,0,0,0,0,0,0
283,6,0,0,0,0,0,0,0,0,1,0,0,0,0,0,1,0,0,0,0
284,6,0,0,0,0,0,1,0,0,0,0,0,0,0,0,1,0,0,0,0
285,6,0,0,0,0,0,0,0,0,1,0,0,0,0,0,0,0,0,0,0
286,6,0,0,0,0,0,0,0,0,1,0,0,0,0,0,1,0,0,1,0
287,6,0,0,0,0,0,0,0,0,1,0,0,0,0,0,0,0,0,0,0
288,6,0,0,0,0,0,0,0,0,0,0,0,1,0,0,0,0,1,0,0
289,6,0,0,0,0,0,0,0,0,1,0,0,0,1,0,0,0,0,0,0
290,7,0,0,0,0,0,1,0,0,0,0,0,0,0,0,0,0,0,0,0
291,7,0,0,0,0,0,0,0,0,0,0,0,0,0,1,0,0,1,0,0
292,7,0,0,0,0,0,0,0,0,1,0,0,0,0,0,0,0,0,0,0
293,7,0,0,0,0,0,0,1,0,1,0,0,0,0,0,0,0,0,0,0
294,7,0,0,0,0,0,1,0,0,0,0,0,0,0,0,0,0,0,0,0
295,7,0,1,0,0,0,0,0,0,0,0,0,0,0,0,0,0,1,0,0
296,7,0,0,0,0,0,0,0,0,1,0,0,0,0,0,0,0,0,0,0
297,7,0,0,0,0,0,0,0,0,1,0,0,0,0,0,0,0,0,0,0
298,7,0,1,0,0,0,0,0,0,0,0,0,0,0,0,0,1,1,0,0
299,7,0,0,0,0,0,0,1,0,1,0,1,0,0,0,0,0,0,0,0
300,7,0,1,0,0,0,0,0,0,0,0,0,0,0,0,0,0,1,0,0
301,7,0,0,0,0,0,1,0,0,0,0,0,0,0,0,0,0,0,0,0
302,7,0,0,0,0,0,0,1,0,0,0,1,0,0,1,0,0,1,0,0
303,7,0,0,0,0,0,0,0,0,1,0,0,0,0,0,0,0,0,0,0
304,6,0,0,1,0,1,0,0,0,0,0,0,0,0,0,0,0,0,0,0
305,7,0,0,0,0,0,0,0,0,1,0,0,0,0,0,0,0,0,0,0
306,7,0,0,0,0,0,0,0,0,1,0,0,0,0,0,1,0,0,0,0
307,7,0,0,0,0,0,0,1,0,0,0,0,1,0,1,0,0,1,0,0
308,7,0,0,0,0,1,0,0,0,1,1,0,0,0,0,0,0,0,0,0
309,7,0,0,0,0,0,0,1,0,0,0,0,0,0,0,0,0,0,0,0
310,7,0,0,0,0,0,0,0,0,1,0,0,0,0,0,0,0,0,0,0
311,7,0,0,0,0,0,0,0,0,1,0,0,0,0,0,1,0,1,0,0
312,7,0,0,0,0,0,1,1,0,1,0,0,0,0,1,0,0,0,0,0
313,7,0,1,0,0,0,0,0,0,1,0,0,0,0,0,1,0,0,0,0
314,7,0,1,0,0,1,0,0,0,0,0,0,0,0,0,0,0,0,0,0
315,8,0,0,0,0,0,0,0,0,1,0,0,0,0,0,0,0,1,0,0
316,7,0,0,0,0,0,1,0,0,1,0,0,0,0,0,0,0,0,0,0
317,3,0,0,0,0,0,0,0,0,1,0,0,0,0,0,0,0,0,0,0
318,3,0,0,0,0,0,0,0,0,1,0,0,0,0,0,0,0,0,1,0
319,6,0,0,0,0,0,1,0,0,0,0,0,0,1,0,1,0,0,0,0
320,6,0,0,0,0,0,0,0,1,0,0,0,0,0,0,0,0,0,0,0
321,6,0,0,0,0,0,1,0,0,0,0,0,0,0,0,0,0,0,0,0
322,7,0,0,0,0,0,0,0,0,0,0,0,0,0,1,0,0,1,0,0
323,7,0,1,0,0,0,0,0,0,0,0,0,0,0,0,0,0,1,0,0
324,7,0,0,0,0,0,0,0,0,0,0,0,0,0,1,0,0,0,0,0
325,7,0,0,0,0,0,0,0,0,1,0,0,0,0,0,0,0,1,0,0
326,7,0,1,0,0,0,0,0,0,1,0,0,0,0,0,0,0,0,1,0
327,7,0,0,0,0,0,0,1,0,1,0,0,0,0,1,0,0,0,0,0
328,7,0,1,0,0,0,0,0,0,0,0,0,0,0,1,1,0,1,0,0
329,8,0,0,0,0,0,0,1,0,1,0,0,0,0,0,0,0,1,0,0
330,7,0,0,0,0,0,0,0,0,1,0,0,0,0,0,0,0,0,0,0
331,7,0,0,1,0,0,0,0,0,0,0,0,0,0,0,0,0,1,0,0
332,7,0,0,0,0,0,0,1,0,1,0,0,0,0,0,0,0,1,0,0
333,7,0,0,0,0,0,0,0,0,0,0,0,0,0,1,0,0,1,0,0
334,7,0,1,0,0,0,0,1,0,0,0,0,0,0,1,0,0,0,0,0
335,7,0,0,0,0,0,1,0,0,0,0,0,0,0,0,0,0,0,0,0
336,7,0,0,0,0,0,0,1,0,0,0,0,0,0,0,0,0,1,0,0
337,7,0,0,0,0,0,1,0,0,1,0,0,0,0,0,0,0,1,0,0
338,7,0,0,0,0,0,1,0,0,0,0,0,0,0,0,0,0,0,0,0
339,7,0,1,0,0,0,0,0,0,1,0,0,0,0,0,0,0,0,0,0
340,7,0,0,0,0,0,0,0,0,1,0,0,0,0,0,0,0,0,0,0
341,7,0,0,0,0,0,1,0,0,0,0,0,0,0,0,0,0,0,0,0
342,7,0,0,0,0,0,1,0,0,0,0,0,0,0,1,0,0,0,0,0
343,7,0,1,0,0,0,0,0,0,0,0,0,1,0,0,0,1,0,0,0
344,7,0,0,0,0,0,0,0,0,1,0,0,0,0,0,0,0,0,0,0
345,7,0,0,0,0,0,1,0,0,1,0,0,0,0,0,0,0,0,0,0
346,7,0,0,0,0,0,0,1,0,1,0,0,0,0,0,0,0,0,0,0
347,8,0,0,0,0,0,1,0,0,1,0,0,0,0,0,0,0,0,0,0
348,8,0,0,0,0,0,0,1,0,1,0,0,0,0,0,0,0,1,0,0
349,8,0,1,0,0,0,0,0,0,0,0,0,0,0,0,0,0,1,0,0
350,8,0,1,0,0,0,0,0,0,0,0,0,0,0,1,0,0,1,0,0
351,8,0,0,0,0,0,0,0,0,0,0,0,1,0,0,0,0,0,0,0
352,7,0,0,0,0,0,1,0,0,0,0,0,0,1,0,0,0,0,0,0
353,8,0,1,0,0,0,0,0,0,0,0,0,1,0,0,0,1,0,0,0
354,8,0,0,0,0,0,1,0,0,0,0,0,0,0,0,1,0,0,0,0
355,8,0,0,1,0,0,0,0,0,0,0,0,0,0,0,0,1,1,0,0
356,4,0,0,0,0,0,0,0,0,1,0,0,0,0,1,0,0,1,0,0
357,1,0,0,0,0,0,0,0,0,1,0,0,0,0,0,0,0,0,0,0
358,7,0,1,1,0,0,0,0,0,0,0,0,0,0,0,0,1,1,0,0
359,7,0,0,0,0,0,0,0,0,0,0,0,0,0,0,0,0,1,0,0
360,7,0,0,0,0,0,0,0,1,0,0,0,0,0,0,0,0,0,0,0
361,7,0,0,0,0,0,0,1,0,0,0,0,0,0,0,0,0,1,0,0
362,8,0,1,0,0,0,1,0,0,0,0,0,0,1,0,0,0,0,0,0
363,5,0,1,0,0,0,0,0,0,0,0,0,0,0,0,0,0,0,0,0
364,5,0,0,0,0,0,1,0,0,0,0,0,0,0,0,0,0,0,0,0
365,5,0,0,0,0,0,0,0,0,1,0,0,0,0,0,0,0,0,0,0
366,5,0,0,0,0,0,0,0,0,1,0,0,0,0,0,0,0,0,0,0
367,5,0,0,0,0,0,1,0,0,0,0,0,0,0,0,0,0,0,0,0
368,6,0,0,0,0,0,1,0,0,0,0,0,0,0,0,0,0,0,0,0
369,6,0,0,0,0,0,1,0,0,0,0,0,0,0,0,0,0,0,0,0
370,6,0,0,0,0,0,0,0,0,1,0,0,0,0,0,0,0,1,0,0
371,6,0,0,0,0,0,0,0,0,1,0,0,0,0,0,1,0,0,0,0
372,5,0,0,0,0,0,1,0,0,0,0,0,0,0,0,0,0,0,0,0
373,5,0,1,1,0,0,0,0,0,0,0,0,0,0,0,0,1,0,0,0
374,5,0,1,0,0,1,0,0,0,0,0,0,0,0,0,0,0,0,0,0
375,5,0,0,0,0,0,0,0,0,1,0,0,0,0,0,0,0,0,0,0
376,4,0,0,0,0,0,1,0,0,0,0,0,0,0,0,0,0,0,0,0
377,4,0,0,0,0,1,1,0,0,0,0,0,0,0,0,0,0,0,0,0
378,4,0,0,0,0,0,0,0,0,1,0,0,0,0,0,0,0,0,0,0
379,5,0,0,0,0,0,0,0,0,0,0,0,1,0,0,0,0,0,0,0
380,4,0,1,1,0,0,0,0,0,0,0,0,0,0,0,0,1,0,0,0
381,4,0,0,0,0,0,1,0,0,0,0,0,0,0,0,1,0,0,0,0
382,4,0,0,0,0,0,1,0,0,1,0,0,0,0,0,0,0,0,0,0
383,4,0,0,0,0,1,1,0,0,0,0,0,0,0,0,0,0,0,0,0
384,4,0,0,0,0,0,1,0,0,0,0,0,0,0,0,0,0,0,0,0
385,4,0,1,1,0,0,1,0,0,0,0,0,0,0,0,1,0,0,0,0
386,3,0,0,0,0,0,1,0,0,0,0,0,0,0,0,0,0,0,0,0
387,3,0,0,0,0,0,0,0,0,1,0,0,0,0,0,0,0,0,0,0
388,4,0,1,0,0,0,1,0,0,0,0,0,0,0,0,0,0,0,0,0
389,4,0,0,1,0,1,0,0,0,0,0,0,0,0,0,0,0,0,0,0
390,3,0,0,0,0,0,1,0,0,0,0,0,0,0,0,0,0,0,0,0
391,3,0,1,0,0,0,1,0,0,0,0,0,0,0,0,0,0,0,0,0
392,3,0,0,0,0,0,0,0,0,1,0,0,0,0,0,0,0,0,0,0
393,3,0,0,0,0,0,1,0,0,0,0,0,0,0,0,0,0,0,0,0
394,4,0,0,0,0,0,1,0,0,0,0,0,0,0,1,1,0,0,0,0
395,3,0,0,0,0,0,1,0,0,0,0,0,0,0,0,0,0,0,0,0
396,4,0,0,0,0,0,1,1,0,0,0,0,1,0,0,0,0,0,0,0
397,3,0,1,0,0,0,0,0,0,0,0,0,0,0,0,0,0,0,0,0
398,3,0,1,1,0,1,0,0,0,0,0,0,0,0,0,0,1,0,0,0
399,3,0,1,1,0,0,1,0,0,0,0,0,0,0,0,0,0,0,0,0
400,4,0,0,0,0,1,1,0,0,0,0,0,0,0,0,0,0,0,0,0
401,5,0,0,0,0,0,1,0,0,0,0,0,0,0,0,0,0,0,0,0
402,2,0,0,0,0,0,1,0,0,0,0,0,0,0,0,1,0,1,0,0
403,1,0,1,1,0,0,0,1,0,1,0,0,0,0,0,0,0,0,0,0
404,1,0,0,0,1,1,0,0,0,0,0,0,0,0,0,0,0,0,0,0
405,6,0,1,1,0,0,0,0,0,0,0,0,0,0,1,0,0,0,0,0
406,6,0,0,0,0,0,0,0,0,0,0,0,1,0,0,0,0,1,0,0
407,6,0,0,0,0,0,1,0,0,0,0,0,0,0,0,0,0,0,0,0
408,6,0,0,0,1,0,1,0,0,0,0,0,0,0,0,0,0,1,0,0
409,6,0,0,0,0,0,1,0,0,1,0,0,0,0,0,0,0,0,0,0
410,6,0,0,0,0,0,1,0,0,0,0,0,0,0,0,0,0,0,0,0
411,6,0,0,0,0,0,1,0,0,0,1,0,0,0,0,1,1,0,0,0
412,6,0,0,0,0,0,1,0,0,0,0,0,0,0,0,0,0,0,0,0
413,6,0,0,0,0,0,0,0,0,0,0,0,1,0,0,0,0,0,0,0
414,1,0,0,0,0,0,1,0,0,0,0,0,0,0,0,0,0,0,0,0
415,1,0,0,0,0,1,1,0,0,0,0,0,0,0,0,0,0,0,0,1
416,1,0,0,0,0,1,0,0,0,1,0,0,0,0,0,0,0,0,0,0
417,1,0,0,0,0,1,0,0,0,1,0,0,0,0,0,0,0,0,0,0
418,1,0,0,0,1,1,0,0,0,0,0,0,0,1,0,0,0,0,0,0
419,1,0,0,0,0,1,1,0,0,0,0,0,0,1,0,0,0,0,0,0
420,1,0,0,0,1,1,0,0,0,0,0,0,0,1,0,0,0,0,0,0
421,6,0,0,0,0,0,0,0,0,1,0,0,0,0,0,1,0,0,0,0
422,6,0,0,0,1,1,1,0,0,0,0,0,0,0,0,0,0,0,0,0
423,1,0,0,0,0,1,0,0,0,1,1,0,0,0,0,0,1,0,0,0
424,6,0,0,0,0,0,0,0,0,0,0,0,1,0,0,0,0,0,0,0
425,2,0,0,0,0,0,1,0,0,0,0,0,0,0,0,0,0,0,0,0
426,1,0,1,0,1,1,0,0,0,0,0,0,0,0,0,0,1,1,1,0
427,1,0,0,0,0,0,0,0,0,1,0,0,0,0,0,0,0,0,0,0
428,1,0,0,0,0,0,1,0,0,0,0,0,0,0,0,0,0,0,0,0
429,1,0,0,0,0,0,0,0,0,1,0,0,0,0,0,0,1,0,0,0
430,1,0,0,0,0,0,1,0,0,0,0,0,0,0,0,0,0,0,1,0
431,1,0,1,1,0,0,0,0,0,0,0,0,0,0,0,0,0,0,0,0
432,1,0,0,0,1,1,0,0,0,0,0,0,0,1,0,0,0,0,0,0
433,1,0,0,0,0,0,1,0,0,0,0,0,0,0,0,0,0,0,0,0
434,1,0,0,0,0,0,0,0,0,0,0,0,0,0,0,0,1,0,0,0
435,1,0,1,0,0,0,1,0,0,0,0,0,0,0,0,0,0,0,0,1
436,1,0,0,0,0,0,0,0,0,0,0,0,1,0,0,0,0,0,0,0
437,2,0,0,0,0,0,0,0,0,0,0,0,1,0,0,0,0,0,0,0
438,1,0,0,0,0,0,0,0,0,0,0,0,1,0,0,0,0,0,0,0
439,3,0,0,0,0,0,0,0,0,0,0,0,1,0,0,0,0,0,0,0
440,1,0,0,0,0,0,0,0,0,0,0,0,1,0,0,0,0,0,0,0
441,1,0,0,0,0,0,0,0,0,0,0,0,1,0,0,0,0,0,0,0
442,2,0,0,0,0,0,0,0,0,0,0,0,1,0,0,0,0,0,0,0
443,1,0,0,0,0,0,0,0,0,0,0,0,1,0,0,0,0,0,0,0
444,1,0,0,0,0,0,0,0,0,0,0,0,1,0,0,0,1,0,0,0
445,1,0,0,0,0,0,0,0,0,0,0,0,1,0,0,0,0,0,0,0
446,1,0,0,0,0,0,0,0,0,0,0,0,1,0,0,0,0,0,0,0
447,1,0,0,0,0,0,0,0,0,0,0,0,1,0,0,0,0,0,0,0
448,1,0,0,0,0,0,0,0,0,0,0,0,1,0,0,0,0,0,0,0
449,1,0,1,1,0,0,0,0,0,0,0,0,0,0,0,0,1,0,0,0
450,1,0,1,1,0,0,0,0,0,0,0,0,0,0,0,0,1,0,0,0
451,1,0,0,0,0,0,1,0,0,0,0,0,0,1,0,1,0,0,0,0
452,1,0,1,0,0,0,0,0,0,0,0,0,1,0,0,0,0,0,0,0
453,1,0,1,0,0,0,0,0,0,0,0,0,1,0,0,0,0,0,0,0
454,6,0,0,0,0,0,0,0,0,1,0,0,0,0,0,0,0,0,0,0
455,7,0,1,0,0,0,0,0,0,0,0,0,0,0,0,0,0,0,0,0
456,7,0,1,0,0,0,1,0,0,0,0,0,0,0,0,0,0,0,0,0
457,7,0,0,1,0,1,0,0,0,1,0,0,0,0,0,0,0,0,0,0
458,5,0,0,0,0,0,0,0,0,1,0,0,0,0,0,0,0,0,0,0
459,5,0,0,0,0,0,0,0,0,1,0,0,0,0,0,0,0,0,0,0
460,5,0,0,0,0,0,0,0,0,1,0,0,0,0,0,0,0,0,0,0
461,5,0,0,0,0,0,0,0,0,1,0,0,0,0,0,0,0,0,0,0
462,2,0,0,0,0,0,0,0,0,1,0,0,0,0,0,1,0,0,0,0
463,4,0,0,1,0,0,0,0,0,0,0,0,0,0,0,0,0,0,0,0
464,4,0,0,0,0,0,0,0,0,1,0,0,0,0,0,0,0,0,0,0
465,4,0,0,1,0,1,0,0,0,0,0,0,0,0,0,1,0,0,0,0
466,2,0,0,0,0,0,0,0,0,0,0,0,0,0,0,0,0,1,0,0
467,3,0,0,0,0,0,0,0,0,1,0,0,0,0,0,0,0,0,0,0
468,3,0,0,0,0,0,0,0,0,1,0,0,0,0,0,0,0,0,0,0
469,3,0,0,0,0,0,0,0,0,1,0,0,0,0,0,0,0,0,0,0
470,3,0,0,0,0,0,0,0,0,0,0,0,0,0,0,0,0,0,0,1
471,6,0,0,0,0,0,0,0,0,1,0,0,0,0,0,0,0,0,1,0
472,6,0,1,1,0,0,0,0,0,0,1,0,0,0,0,0,0,0,0,0
473,6,0,0,0,1,1,0,0,0,0,0,0,0,1,0,0,0,0,0,0
474,1,0,0,0,0,0,0,0,0,0,0,0,0,0,0,0,1,0,1,0
475,6,0,0,0,0,0,0,0,0,1,0,0,0,0,0,0,0,0,0,0
476,6,0,0,0,0,0,1,0,0,0,0,0,0,0,0,0,0,0,0,0
477,6,0,0,0,0,1,1,0,0,0,0,0,0,0,0,0,0,0,0,0
478,1,0,0,0,0,0,1,0,0,0,0,0,0,0,0,1,0,0,0,0
479,1,0,0,0,0,0,0,0,0,0,0,0,0,0,1,0,0,1,0,0
480,1,0,0,0,0,0,1,0,0,0,0,0,0,0,0,0,0,1,0,0
481,1,0,0,0,0,0,1,0,0,1,0,0,0,0,0,0,0,0,0,0
482,1,0,0,0,0,0,1,1,0,0,0,0,0,0,0,0,0,0,0,0
483,1,0,0,0,0,0,0,0,0,1,0,0,0,0,0,1,0,0,1,0
484,1,0,0,0,0,0,0,0,0,0,0,1,0,0,1,0,0,0,0,0
485,1,0,0,0,0,0,0,0,0,0,0,0,0,1,0,1,0,0,0,0
486,1,0,0,0,0,0,1,0,0,0,0,0,0,0,0,1,0,0,0,0
487,1,0,0,0,0,0,1,0,0,0,0,0,0,0,0,1,0,0,0,0
488,1,0,0,0,0,0,0,0,0,0,0,1,0,0,0,0,0,0,0,0
489,1,0,0,0,0,0,0,0,0,0,0,1,0,0,0,1,0,1,0,0
490,1,0,0,0,0,0,1,0,0,0,0,0,0,0,0,1,0,1,0,0
491,1,0,1,1,0,0,0,0,0,0,0,0,0,0,0,0,0,0,0,0
492,1,0,0,0,0,0,0,0,0,1,0,0,0,0,0,0,0,0,0,0
493,1,0,0,0,0,0,0,0,0,0,0,0,0,0,1,0,0,0,0,0
494,1,0,0,0,0,0,1,0,0,0,0,0,0,0,0,0,0,0,0,0
495,1,0,0,1,0,0,1,0,0,0,0,0,0,0,0,0,0,0,0,0
496,1,0,0,0,0,0,0,0,0,1,0,0,0,0,0,0,0,0,0,0
497,1,0,0,0,0,0,1,0,0,0,0,0,0,0,0,0,0,0,0,0
498,1,0,1,1,0,0,0,0,0,0,0,0,0,0,0,1,0,0,1,0
499,1,0,0,0,0,0,0,0,0,1,0,0,0,0,0,0,0,0,0,0
500,6,0,0,1,0,1,0,0,0,0,0,0,0,0,0,0,0,0,0,0
501,1,0,0,0,1,1,0,0,0,0,0,0,0,1,0,0,0,0,0,0
502,1,0,0,0,0,0,1,0,0,0,0,0,0,0,0,0,0,0,1,0
503,1,0,0,0,0,0,0,0,0,1,0,0,0,0,0,0,0,0,0,0
504,1,0,0,0,0,0,0,1,0,1,0,0,0,0,0,0,0,0,0,0
505,1,0,0,0,0,0,0,0,0,0,0,0,0,0,1,0,0,1,0,0
506,1,0,0,0,0,0,0,0,0,1,0,0,0,0,0,0,0,0,0,0
507,1,0,0,0,0,0,0,0,0,1,0,0,0,0,0,0,0,0,0,0
508,6,0,0,0,0,0,0,0,0,1,0,0,0,0,0,0,0,0,0,0
509,1,0,0,0,0,0,0,0,0,1,0,0,0,0,0,0,0,0,0,0
510,1,0,1,0,0,0,0,0,0,1,0,0,0,0,0,0,0,0,0,1
511,1,0,0,1,0,0,0,0,0,0,0,0,0,0,0,0,0,0,1,0
512,1,0,0,0,0,0,1,0,0,1,0,0,0,0,0,1,0,0,0,0
513,1,0,0,0,0,0,0,0,0,0,0,0,0,0,1,0,0,1,0,0
514,1,0,0,0,0,0,1,0,0,0,0,0,0,0,0,1,0,0,0,0
515,7,0,1,0,0,0,0,0,0,1,0,0,0,0,0,0,0,0,1,0
516,1,0,0,0,0,0,1,0,0,0,0,0,0,0,0,0,0,0,0,0
517,1,0,0,0,0,0,1,0,0,1,0,0,0,0,0,1,0,0,0,0
518,2,0,0,0,0,0,0,0,0,1,0,0,0,0,0,0,0,0,0,0
519,1,0,0,1,0,0,0,0,0,0,0,0,0,0,0,0,0,0,0,0
520,1,0,0,1,0,0,0,0,0,0,0,0,0,0,0,0,0,0,1,0
521,1,0,0,0,0,0,0,0,0,1,0,0,0,0,0,0,0,0,1,0
522,1,0,0,0,0,0,1,0,0,1,0,0,0,0,0,0,0,0,0,0
523,1,0,0,0,0,0,1,0,0,1,0,0,0,0,0,0,0,0,0,0
524,1,0,0,0,0,0,1,0,0,0,0,0,0,0,0,0,0,0,0,0
525,1,0,0,0,0,0,0,0,0,0,0,1,0,0,1,0,0,0,0,0
526,1,0,1,1,0,0,0,0,0,1,0,0,0,0,0,0,0,0,0,0
527,1,0,0,0,0,0,0,0,0,1,0,0,0,0,0,0,0,0,0,0
528,1,0,0,0,0,0,0,0,0,1,0,0,0,0,0,0,0,0,1,0
529,1,0,0,0,0,0,0,0,0,1,0,0,0,0,0,0,0,0,0,0
530,1,0,0,1,0,0,0,0,0,0,0,0,0,0,0,0,0,0,0,0
531,6,0,0,0,0,0,0,0,0,1,0,0,0,0,0,1,0,0,0,0
532,7,0,0,0,0,0,0,0,0,0,0,0,0,0,0,1,0,0,0,0
533,7,0,0,0,0,0,0,0,0,0,0,0,0,0,1,0,0,0,0,0
534,7,0,0,0,0,0,0,0,0,1,0,0,0,0,0,0,0,0,0,0
535,7,0,0,0,0,0,1,0,0,0,0,0,0,0,0,1,0,0,0,0
536,7,0,0,0,0,0,0,0,0,1,0,0,0,0,0,0,0,0,0,0
537,2,0,0,0,0,0,0,0,0,1,0,0,0,0,0,0,0,0,0,0
538,7,0,0,0,1,1,0,0,0,0,0,0,0,1,0,0,0,0,0,0
539,7,0,0,0,0,1,1,0,0,0,0,0,0,0,0,0,0,0,0,0
540,5,0,1,0,0,0,0,0,0,0,0,0,0,0,0,0,0,0,0,0
541,5,0,1,1,0,0,0,0,0,0,0,0,0,0,0,0,0,0,0,0
542,5,0,0,0,1,1,0,0,0,0,0,0,0,1,0,1,0,0,0,0
543,5,0,0,0,0,0,0,0,0,1,0,0,0,1,0,0,0,0,0,0
544,6,0,0,0,0,0,0,1,0,1,0,0,0,0,0,1,0,0,0,0
545,5,0,0,0,0,0,1,0,0,0,0,0,0,0,0,1,0,0,0,0
546,6,0,1,0,0,0,0,0,0,0,0,0,0,0,0,0,0,1,0,0
547,6,0,0,0,0,0,0,1,0,0,0,0,0,0,0,0,0,0,0,0
548,6,0,0,0,0,1,0,0,0,0,1,0,0,0,0,0,0,0,0,0
549,5,0,0,0,0,0,0,0,0,1,0,0,0,0,0,1,0,0,1,0
550,5,0,1,0,0,0,0,0,0,0,0,0,0,0,0,0,0,1,0,0
551,5,0,0,0,0,0,0,0,0,0,0,0,1,0,0,0,0,0,0,0
552,5,0,0,0,0,0,0,0,0,0,0,0,0,0,0,0,1,0,0,0
553,5,0,0,0,0,0,0,0,0,1,0,0,0,0,0,1,0,0,0,0
554,5,0,1,1,0,0,0,0,0,0,0,0,0,0,0,0,0,0,0,0
555,5,0,0,0,0,0,0,0,0,1,0,0,0,0,0,0,0,0,0,0
556,5,0,0,0,0,0,0,0,0,0,0,0,0,0,0,0,0,0,0,1
557,4,0,0,0,0,0,0,0,0,1,0,0,0,1,0,0,0,0,0,0
558,4,0,0,0,0,0,0,0,0,1,1,0,0,0,0,0,0,1,0,0
559,4,0,0,0,0,0,0,0,0,1,0,0,1,0,0,0,0,0,0,0
560,5,0,0,1,0,1,1,0,0,0,1,0,0,0,0,1,1,0,0,0
561,4,0,0,0,0,0,0,0,0,1,0,0,1,0,0,0,0,0,0,0
562,5,0,1,1,0,0,0,0,0,0,0,0,0,0,0,0,0,0,0,1
563,5,0,0,0,0,0,0,0,0,0,0,0,1,0,0,0,0,0,0,0
564,5,0,0,0,0,0,1,0,0,0,0,0,1,0,0,0,0,0,0,0
565,5,0,0,0,0,0,0,0,0,0,0,0,1,0,0,0,0,1,0,0
566,4,0,1,1,0,0,0,0,0,0,0,0,0,0,0,0,0,1,0,0
567,4,0,0,0,0,0,0,0,0,0,0,0,1,0,0,0,0,0,0,0
568,4,0,1,0,0,0,0,0,0,0,0,0,0,0,0,1,0,1,0,0
569,4,0,0,0,0,0,0,0,0,1,0,0,1,0,0,0,0,0,0,0
570,4,0,0,0,0,0,0,0,0,0,0,0,0,0,0,0,0,0,0,1
571,3,0,0,0,0,0,1,0,0,0,0,0,0,0,0,0,0,1,0,0
572,4,0,1,0,0,0,0,0,0,0,0,0,0,0,0,0,0,1,0,0
573,3,0,0,0,0,0,0,0,0,0,0,0,1,0,0,0,1,1,0,0
574,3,0,0,0,0,0,0,0,0,0,0,0,0,0,1,1,0,1,0,0
575,4,0,0,0,0,0,1,0,0,0,0,0,0,0,0,0,0,0,0,1
576,3,0,1,1,0,0,0,1,0,0,0,0,0,0,0,0,0,0,0,0
577,3,0,0,0,0,0,1,0,0,0,0,0,0,0,0,0,1,0,0,0
578,3,0,1,0,0,0,0,0,0,0,0,0,0,0,0,0,1,0,0,0
579,3,0,0,0,0,0,1,0,0,0,0,0,0,0,0,0,0,0,0,0
580,5,0,0,0,0,0,1,0,0,0,0,0,0,0,0,1,0,0,0,0
581,3,0,0,0,0,0,0,0,0,1,0,0,0,0,0,0,0,1,0,0
582,3,0,0,0,0,0,0,0,0,1,0,0,0,0,0,1,0,0,0,0
583,3,0,0,0,0,0,0,1,0,0,0,0,0,0,0,0,0,1,0,0
584,3,0,0,0,0,1,0,0,0,1,0,0,0,0,0,0,0,0,0,0
585,3,0,0,0,0,0,1,0,0,0,0,0,0,0,0,0,0,0,0,0
586,4,0,1,0,0,0,0,0,0,0,0,0,0,0,0,0,0,0,0,0
587,3,0,0,0,0,0,0,0,0,1,0,0,0,0,1,0,0,0,0,0
588,2,0,0,0,1,1,0,0,0,0,0,0,0,1,0,0,0,0,0,0
589,1,0,0,0,0,0,0,0,0,0,0,0,0,0,0,0,0,0,0,1
590,6,0,1,0,0,0,0,0,0,0,0,0,1,0,0,0,1,0,0,0
591,6,0,0,0,0,0,0,0,0,1,0,0,0,0,0,0,0,1,0,0
592,5,0,0,0,0,0,0,0,0,0,0,0,0,0,1,0,0,1,0,0
593,3,0,0,0,0,0,0,0,0,0,0,0,0,0,0,0,0,0,1,0
594,6,0,0,0,0,0,0,0,0,1,0,0,0,0,0,1,0,0,0,0
595,6,0,0,0,0,0,0,0,0,0,0,0,0,0,0,0,0,1,0,0
596,6,0,0,0,1,1,0,0,0,0,0,0,0,1,0,0,0,0,0,0
597,6,0,1,0,0,0,0,0,0,0,0,0,0,0,0,0,0,1,0,0
598,6,0,0,0,0,0,1,0,0,1,0,0,0,0,0,0,0,0,0,0
599,6,0,1,0,0,0,0,0,0,0,0,0,0,0,0,0,0,0,0,0
600,6,0,0,0,0,1,0,0,0,0,0,0,0,0,0,0,0,0,0,0
601,1,0,0,1,0,0,0,0,0,0,0,0,0,0,0,0,0,0,1,0
602,1,0,0,0,0,0,0,0,0,0,0,0,0,1,0,1,0,0,0,0
603,1,0,0,0,0,0,0,0,0,0,0,0,0,0,1,0,0,1,0,0
604,1,0,0,0,0,0,1,0,0,0,0,0,0,0,0,0,0,0,0,0
605,1,0,0,0,0,0,0,0,0,0,0,0,0,1,0,0,0,0,0,0
606,1,0,0,0,0,0,0,0,0,1,0,0,0,0,0,0,0,0,0,0
607,1,0,0,0,0,0,0,0,0,0,0,0,0,0,0,1,0,1,0,0
608,1,0,0,0,0,0,0,0,0,0,0,0,0,0,1,1,0,1,0,0
609,1,0,0,0,0,0,1,0,0,0,0,0,0,0,0,0,0,0,0,0
610,1,0,0,0,0,0,0,0,0,0,0,0,0,1,0,0,0,0,0,0
611,1,0,0,0,0,0,0,1,0,0,0,1,0,0,1,0,0,0,0,0
612,1,0,0,0,0,0,0,0,0,1,0,0,0,0,0,0,0,0,0,0
613,1,0,0,0,0,0,1,0,0,0,0,0,0,0,0,0,0,0,0,0
614,1,0,0,0,0,0,0,0,0,1,0,0,0,0,0,0,0,0,0,0
615,1,0,0,0,0,0,0,0,0,0,0,0,0,0,0,0,0,1,0,0
616,1,0,0,0,0,0,0,0,0,0,0,0,1,0,0,0,1,0,0,0
617,1,0,0,0,0,0,0,0,0,1,0,0,0,0,0,0,0,0,0,0
618,1,0,0,0,0,0,0,0,0,1,0,0,0,0,0,0,0,0,0,0
619,6,0,0,0,0,0,0,0,0,1,0,0,0,0,0,0,0,1,0,0
620,6,0,0,0,0,0,0,0,0,1,0,0,0,0,0,0,0,0,0,0
621,1,0,0,0,0,0,0,0,0,0,0,0,0,0,0,0,0,0,0,1
622,1,0,0,1,0,1,0,0,0,0,0,0,0,0,0,0,0,0,0,0
623,4,0,0,0,0,1,1,0,0,0,0,0,0,0,0,0,0,0,0,0
624,1,0,0,0,1,1,0,0,0,0,0,0,0,1,0,0,0,0,0,0
625,1,0,0,0,1,1,0,0,0,0,0,0,0,0,0,0,0,0,0,0
626,1,0,0,0,0,1,0,0,0,1,0,0,0,0,0,0,0,0,0,0
627,2,0,0,0,0,0,0,0,0,1,0,0,0,0,0,0,0,0,0,0
628,6,0,0,0,0,0,0,1,0,1,0,0,0,0,0,0,0,0,0,0
629,1,0,0,0,0,0,1,0,0,0,0,0,0,1,0,0,0,0,0,0
630,1,0,0,0,0,0,1,0,0,0,0,0,0,1,0,0,0,0,0,0
631,2,0,1,0,0,0,0,0,0,1,0,0,0,0,0,1,0,0,1,0
632,1,0,0,0,0,0,0,0,0,1,0,0,0,0,0,0,0,0,0,0
633,1,0,0,0,0,0,0,0,0,1,0,0,0,0,0,0,0,0,0,0
634,6,0,0,0,0,0,0,0,1,0,0,0,0,0,0,0,0,0,0,0
635,1,0,0,0,0,0,0,0,0,0,0,0,1,0,0,0,0,0,0,0
636,1,0,1,1,0,0,0,0,0,0,0,0,0,0,0,0,1,1,0,0
637,1,0,0,0,0,0,1,0,0,0,0,0,1,0,0,0,0,0,0,0
638,1,0,0,0,0,0,0,0,0,1,0,0,0,0,0,0,0,0,0,0
639,1,0,0,0,0,0,0,0,0,1,0,0,0,0,0,0,0,0,0,0
640,1,0,0,0,0,0,0,0,0,1,0,0,0,0,0,0,0,0,0,0
641,1,0,0,0,0,0,0,0,0,1,0,0,0,0,0,0,0,0,1,0
642,2,0,0,0,0,0,0,1,0,1,0,1,0,0,0,0,0,0,0,0
643,4,0,0,0,0,0,0,0,0,1,0,0,0,0,0,1,0,0,0,0
644,1,0,0,0,0,0,0,0,1,0,0,0,0,0,0,0,0,0,0,0
645,2,0,0,0,0,0,0,0,1,0,0,0,0,0,0,0,0,0,0,0
646,1,0,0,0,0,0,0,0,0,0,0,0,0,0,0,0,0,0,0,1
647,1,0,0,0,0,0,0,0,0,1,0,0,0,0,0,0,0,0,1,0
648,1,0,0,0,0,0,1,0,0,0,0,0,0,0,0,1,0,0,0,0
649,1,0,0,0,0,0,0,1,0,1,0,0,0,0,0,0,0,1,0,0
650,1,0,0,0,0,0,0,0,0,1,0,0,0,0,0,0,0,0,0,0
651,1,0,1,0,0,0,0,0,0,1,0,0,0,0,0,0,0,0,1,0
652,2,0,0,0,0,0,1,0,0,1,0,0,0,0,0,0,0,0,0,0
653,1,0,0,0,0,0,0,1,0,0,0,1,0,0,0,0,0,1,0,0
654,1,0,0,0,0,0,0,0,0,0,0,1,0,0,1,0,0,1,0,0
655,1,0,0,1,0,0,1,0,0,1,0,0,0,0,0,0,0,0,0,0
656,1,0,0,0,0,0,0,1,0,0,0,1,0,0,0,0,0,1,0,0
657,1,0,0,0,0,0,0,0,0,0,0,1,0,0,0,0,0,1,0,0
658,2,0,0,0,0,0,0,0,0,1,0,0,0,0,0,0,0,0,0,0
659,1,0,0,0,0,0,1,0,0,0,0,0,0,0,1,0,0,1,0,0
660,2,0,0,0,0,0,0,0,0,1,0,0,0,0,0,0,0,0,0,0
661,1,0,0,0,0,0,0,0,0,0,0,0,0,0,0,0,0,0,0,1
662,1,0,0,0,0,0,0,0,0,1,0,0,0,0,0,1,0,0,0,0
663,1,0,0,0,0,0,1,0,0,0,0,0,0,0,0,0,0,0,0,0
664,1,0,0,0,0,0,0,0,0,1,0,0,0,0,0,0,0,0,0,0
665,2,0,1,0,0,0,0,0,0,0,0,0,1,0,0,0,1,1,0,0
666,1,0,0,0,0,0,0,0,0,0,0,0,1,0,0,0,0,0,0,0
667,1,0,0,0,0,0,0,0,0,0,0,0,1,0,0,0,0,0,0,0
668,1,0,1,0,0,0,0,0,0,0,0,0,1,0,0,0,0,0,0,0
669,2,0,0,0,0,0,0,0,0,0,0,0,1,0,0,0,0,0,0,0
670,3,0,0,0,0,0,0,0,0,0,0,0,1,0,0,0,1,1,0,0
671,1,0,0,0,0,0,0,0,0,0,0,0,1,0,0,0,0,0,0,0
672,2,0,0,0,0,0,0,0,0,0,0,0,1,0,0,0,0,0,0,0
673,1,0,0,0,0,0,0,0,0,0,0,1,0,0,0,0,0,1,0,0
674,1,0,0,0,0,0,0,0,0,0,0,0,1,0,0,0,0,0,0,0
675,1,0,0,0,0,0,0,0,0,0,0,0,1,0,0,0,0,0,0,0
676,6,0,0,0,0,0,0,0,0,1,0,0,0,0,0,0,0,0,0,0
677,7,0,0,0,0,0,0,0,1,0,0,0,0,0,0,0,0,0,0,0
678,7,0,0,0,0,0,0,0,0,1,0,0,0,0,0,0,0,1,0,0
679,1,0,1,1,0,0,0,0,0,0,0,0,0,0,0,0,0,0,0,0
680,7,0,1,1,0,0,0,0,0,0,0,0,0,0,0,0,0,0,0,0
681,7,0,0,0,0,0,0,0,0,0,0,0,1,0,0,0,0,0,0,0
682,7,0,0,0,0,0,0,0,0,0,0,0,1,0,1,0,0,1,0,0
683,7,0,0,0,0,0,1,0,0,0,0,0,0,0,0,0,0,0,0,0
684,3,0,1,0,0,0,0,0,0,0,0,0,0,0,0,0,0,1,0,0
685,6,0,1,0,0,0,0,0,0,0,0,0,0,0,0,0,0,1,0,0
686,3,0,1,0,0,0,0,0,0,1,0,0,0,0,0,0,0,0,0,0
687,7,0,0,0,0,0,1,0,0,0,0,0,0,0,0,0,0,0,1,0
688,7,0,0,0,0,0,1,0,0,0,0,0,0,0,0,0,0,0,0,0
689,7,0,1,0,0,0,0,0,0,0,0,0,0,0,0,0,0,1,0,0
690,7,0,0,0,0,0,0,0,0,1,0,0,0,0,0,0,0,0,1,0
691,8,0,0,0,0,0,0,0,0,0,0,1,0,0,0,0,1,1,0,0
692,5,0,0,0,0,0,1,0,0,1,0,0,0,0,0,1,0,0,0,0
693,5,0,0,0,0,0,0,0,0,1,0,0,0,0,0,0,0,0,0,0
694,5,0,0,0,0,0,0,0,0,0,0,0,0,0,0,1,0,0,0,0
695,5,0,0,0,0,0,1,0,0,1,0,0,0,0,0,0,0,0,0,0
696,6,0,0,0,0,0,0,0,0,1,0,0,0,0,0,0,0,1,0,0
697,5,0,0,0,0,0,0,0,0,1,0,0,0,0,0,0,0,0,0,0
698,4,0,0,0,0,0,0,0,0,1,0,0,0,0,0,0,0,0,0,0
699,4,0,0,0,0,0,0,0,0,1,0,0,0,0,0,0,0,0,0,0
700,5,0,0,0,0,0,1,0,0,0,0,0,0,0,0,0,0,0,0,0
701,3,0,0,0,0,0,0,0,1,0,0,0,0,0,0,0,0,0,0,0
702,4,0,0,0,0,0,1,0,0,0,0,0,0,0,0,1,0,0,0,0
703,4,0,0,0,0,0,0,0,0,1,0,0,0,0,0,0,0,0,0,0
704,3,0,0,0,0,0,0,0,0,1,0,0,0,0,0,1,0,0,0,0
705,1,0,0,0,0,0,0,0,0,0,0,0,0,1,0,1,0,0,0,0
706,6,0,0,0,0,0,0,0,0,0,0,0,1,0,0,0,0,0,0,0
707,2,0,0,0,0,0,0,0,0,1,0,0,0,0,0,0,0,0,0,0
708,1,0,0,0,0,0,0,0,0,1,0,0,0,0,0,0,0,0,0,0
709,2,0,0,0,0,0,1,0,0,0,0,0,0,0,0,1,0,0,0,0
710,1,0,0,0,0,0,1,0,0,0,0,0,0,0,0,0,0,0,0,0
711,6,0,0,0,0,0,0,0,0,1,0,0,0,0,0,0,0,0,0,0
712,1,0,0,0,0,0,1,0,0,1,0,0,0,0,0,0,0,0,0,0
713,5,0,0,0,0,0,0,0,0,1,0,0,0,0,0,0,0,0,0,0
714,5,0,0,0,0,0,0,0,0,1,0,0,0,0,0,1,0,0,0,0
715,5,0,0,0,0,0,1,0,0,1,0,0,0,0,0,0,0,0,0,0
716,5,0,0,0,0,0,0,0,0,1,0,0,0,0,0,1,0,0,0,0
717,6,0,0,0,0,0,0,0,0,1,0,0,0,0,0,0,0,1,0,0
718,6,0,0,0,0,0,1,0,0,0,0,0,0,0,0,0,0,0,0,0
719,4,0,0,0,0,0,1,0,0,0,0,0,0,0,0,0,0,0,1,0
720,5,0,1,1,0,0,0,0,0,1,0,0,0,0,0,1,0,0,0,0
721,5,0,0,0,0,0,1,0,0,0,0,0,0,0,0,0,0,0,0,0
722,5,0,0,0,0,0,1,0,0,0,0,0,0,0,0,0,0,0,0,0
723,5,0,0,0,0,0,1,0,0,1,0,0,0,0,0,0,0,0,0,0
724,5,0,0,0,0,0,0,0,0,1,0,0,0,0,0,1,0,0,0,0
725,4,0,0,0,0,0,1,0,0,0,0,0,0,0,0,0,0,0,0,0
726,5,0,0,0,0,1,0,0,0,1,0,0,0,0,0,0,0,0,0,0
727,4,0,0,0,0,0,0,0,0,1,0,0,0,0,0,1,0,0,0,0
728,4,0,0,0,0,0,1,0,0,0,0,0,0,0,0,0,1,0,0,0
729,4,0,0,0,0,0,0,0,0,1,0,0,0,0,0,0,0,0,0,0
730,6,0,0,0,0,0,0,0,0,1,0,0,0,0,0,1,0,0,0,0
731,4,0,0,0,0,0,1,0,0,1,0,0,0,0,0,1,0,0,0,0
732,3,0,0,0,0,0,1,0,0,0,0,0,0,0,0,1,0,0,0,0
733,4,0,0,0,0,0,0,0,0,1,0,0,0,0,0,1,0,0,0,0
734,3,0,0,0,0,0,1,0,0,0,0,0,0,0,0,0,0,0,0,0
735,3,0,0,0,0,0,0,0,0,1,0,0,0,0,0,0,0,0,0,0
736,3,0,0,0,0,0,0,0,0,1,0,0,0,0,0,1,0,0,0,0
737,4,0,0,0,0,0,1,0,0,1,0,0,0,0,0,0,0,0,0,0
738,4,0,0,0,0,0,1,0,0,0,0,0,0,0,0,1,0,0,0,0
739,2,0,0,0,0,0,1,0,0,0,0,0,0,0,0,1,0,0,0,0
740,6,0,0,0,0,0,0,0,0,1,0,0,0,0,0,1,0,0,0,0
741,6,0,0,0,0,0,0,0,0,1,0,0,0,0,0,0,0,1,0,0
742,6,0,0,0,0,0,0,0,0,1,0,0,0,0,0,0,0,1,0,0
743,6,0,1,0,0,0,0,0,0,0,0,0,0,0,0,0,0,1,0,0
744,6,0,0,0,0,0,0,0,0,1,0,0,0,0,0,0,0,0,1,0
745,1,0,0,0,0,0,1,0,0,0,0,0,0,0,0,0,0,0,0,0
746,1,0,0,0,0,0,1,0,0,0,0,0,0,0,0,0,0,0,0,0
747,3,0,0,0,0,0,1,0,0,0,0,0,0,0,0,1,0,0,0,0
748,7,0,1,0,0,0,0,0,0,0,0,0,0,0,0,1,0,1,0,0
749,7,0,0,0,0,0,1,0,0,0,0,0,0,0,0,1,0,0,0,0
750,7,0,0,0,0,0,0,0,0,1,0,0,0,0,0,0,0,0,0,0
751,7,0,1,0,0,0,0,0,0,0,0,0,0,0,0,1,0,1,0,0
752,8,0,1,0,0,0,0,0,0,0,0,0,0,0,0,0,0,1,0,0
753,4,0,0,0,0,0,0,0,0,1,0,0,0,0,0,0,0,0,0,0
754,7,0,0,0,0,0,0,1,0,0,0,0,0,0,0,0,0,1,0,0
755,5,0,1,1,0,1,0,0,0,0,1,0,0,0,0,0,1,0,0,0
756,5,0,0,0,0,0,1,0,0,0,0,0,0,0,0,0,0,0,0,0
757,5,0,0,0,0,0,0,0,1,0,0,0,0,0,0,0,0,0,0,0
758,6,0,0,0,0,0,0,0,0,0,0,0,0,0,0,0,1,1,0,0
759,5,0,1,0,0,0,0,0,0,0,0,0,0,0,0,0,0,0,0,0
760,5,0,0,0,0,0,0,0,0,0,0,0,0,0,0,0,1,0,0,0
761,5,0,1,0,0,0,0,0,0,0,0,0,0,0,0,0,0,1,0,0
762,6,0,0,0,0,0,0,0,0,1,0,0,0,0,0,0,0,0,0,0
763,6,0,0,0,0,0,1,0,0,0,0,0,0,0,0,0,0,0,0,0
764,6,0,0,0,0,0,1,0,0,0,0,0,0,0,0,1,0,0,0,0
765,2,0,0,0,0,0,1,0,0,0,0,0,0,0,0,1,0,0,0,0
766,6,0,0,0,0,0,0,0,1,0,0,0,0,0,0,0,0,0,0,0
767,5,0,0,0,0,0,0,0,0,0,0,0,1,0,0,0,0,0,0,0
768,5,0,0,1,0,1,0,0,0,0,0,0,0,0,0,0,0,0,0,0
769,5,0,1,1,0,0,0,0,0,0,0,0,0,0,1,0,1,0,0,0
770,5,0,0,0,0,0,0,1,0,0,0,1,0,0,1,0,0,1,0,0
771,5,0,1,0,0,0,0,0,0,0,0,0,0,0,0,0,1,1,0,0
772,5,0,0,0,0,0,0,0,0,1,0,0,0,0,0,0,0,0,0,0
773,4,0,0,0,0,0,0,0,0,0,0,0,0,0,0,0,0,1,0,0
774,5,0,0,0,0,0,0,0,0,0,0,0,1,0,0,0,0,0,0,0
775,5,0,0,0,0,0,1,0,0,1,0,0,0,0,0,1,0,0,0,0
776,5,0,0,0,0,0,0,0,0,1,0,0,0,0,0,0,0,0,0,0
777,5,0,0,0,0,0,0,0,0,0,0,0,1,0,0,0,0,0,0,0
778,5,0,0,0,0,0,1,0,0,1,0,0,0,0,0,1,0,0,0,0
779,4,0,1,0,0,0,0,0,0,0,0,0,0,0,0,0,0,0,0,0
780,4,0,0,0,0,0,1,0,0,0,0,0,0,0,0,0,0,0,0,0
781,5,0,0,0,0,0,1,0,0,0,0,0,0,0,0,1,0,0,0,0
782,4,0,0,0,0,0,0,0,0,1,0,0,0,0,0,0,0,0,0,0
783,4,0,0,0,0,0,1,0,0,0,0,0,0,0,0,1,0,0,0,0
784,3,0,0,0,0,0,0,0,0,1,0,0,1,0,0,0,0,0,0,0
785,4,0,0,0,0,0,1,0,0,0,0,0,0,0,0,1,0,0,0,0
786,5,0,0,0,0,0,1,0,0,0,0,0,0,0,0,1,0,0,0,0
787,5,0,0,0,0,0,1,0,0,1,0,0,0,0,0,0,0,0,0,0
788,4,0,0,0,0,0,0,0,0,0,0,0,1,0,0,0,0,1,0,0
789,5,0,0,0,0,0,1,0,0,1,0,0,0,0,0,0,0,0,0,0
790,5,0,0,0,0,0,1,0,0,0,0,0,0,0,0,0,0,0,0,0
791,5,0,0,0,0,1,0,0,0,0,0,0,0,0,0,0,0,0,0,0
792,4,0,0,0,0,0,1,0,0,0,0,0,0,0,0,0,0,0,0,0
793,4,0,0,0,0,0,1,0,0,0,0,0,0,0,0,0,0,0,0,0
794,4,0,0,0,0,0,0,0,0,1,0,0,0,0,0,1,0,0,0,0
795,4,0,0,0,0,1,1,0,0,0,0,0,0,0,0,0,0,0,0,0
796,4,0,0,0,0,0,1,0,0,0,0,0,0,0,0,1,0,0,0,0
797,4,0,1,0,0,0,0,0,0,0,0,0,0,0,0,0,1,0,0,0
798,5,0,1,0,0,0,0,0,0,0,0,0,0,0,0,0,0,0,0,0
799,5,0,0,0,0,0,0,0,0,1,0,0,0,0,0,0,0,0,0,0
800,5,0,0,0,0,0,0,0,0,0,0,0,1,0,0,0,0,1,0,0
801,4,0,0,0,0,0,1,0,0,0,0,0,0,0,0,0,0,0,0,0
802,3,0,1,1,0,0,0,1,0,0,0,0,0,0,0,0,0,1,0,0
803,3,0,1,0,0,0,0,0,0,1,0,0,0,0,0,0,0,0,1,0
804,4,0,0,0,0,0,1,0,0,0,0,0,0,0,0,0,0,0,0,0
805,3,0,0,0,0,0,1,0,0,0,0,0,0,0,1,0,0,0,0,0
806,3,0,1,0,0,0,0,1,0,1,0,0,0,0,0,0,0,0,0,0
807,3,0,0,0,0,0,0,0,0,1,0,0,0,0,0,0,0,0,0,0
808,3,0,1,0,0,0,0,0,0,1,0,0,0,0,0,0,0,0,0,0
809,3,0,1,0,0,0,0,0,0,1,0,0,0,0,1,0,0,0,0,0
810,4,0,1,0,0,0,0,0,0,0,0,0,0,0,0,0,0,0,0,0
811,3,0,0,0,0,0,0,0,1,0,0,0,0,0,0,0,0,0,0,0
812,4,0,0,1,0,1,0,0,0,0,0,0,0,0,0,0,0,0,0,0
813,6,0,0,0,0,0,0,0,1,0,0,0,0,0,0,0,0,0,0,0
814,4,0,0,0,0,0,0,0,1,0,0,0,0,0,0,0,0,0,0,0
815,6,0,0,0,0,0,0,0,0,1,0,0,0,0,0,1,0,0,0,0
816,5,0,0,0,0,0,0,0,0,0,0,0,1,0,0,0,0,0,0,0
817,6,0,0,0,0,0,0,0,0,1,0,0,0,0,0,0,0,0,0,0
818,6,0,0,0,0,0,1,0,0,0,0,0,0,0,0,0,0,0,0,0
819,6,0,0,0,0,0,1,0,0,0,0,0,0,0,0,0,0,0,0,0
820,6,0,0,1,1,1,1,0,0,0,1,0,0,0,0,0,0,0,0,0
821,6,0,0,0,0,0,1,0,0,0,0,0,0,0,0,1,0,0,0,0
822,1,0,0,0,0,0,0,0,0,1,0,0,0,0,0,0,0,0,0,0
823,6,0,0,0,0,0,0,1,0,0,0,1,0,0,0,0,0,1,0,0
824,6,0,0,0,0,0,1,0,0,0,0,0,0,0,0,0,0,0,0,0
825,6,0,1,0,0,0,0,0,0,0,0,0,0,0,0,0,1,1,0,0
826,6,0,0,1,0,0,0,0,0,0,0,0,0,0,0,0,0,0,0,0
827,6,0,1,1,0,0,0,0,0,0,0,0,0,0,0,0,0,1,0,0
828,6,0,0,1,0,1,0,0,0,0,0,0,0,0,0,0,0,0,0,0
829,6,0,1,1,0,0,0,0,0,0,0,0,0,0,0,0,0,0,0,0
830,6,0,1,0,0,0,0,0,0,0,0,0,0,0,1,0,0,1,0,0
831,6,0,1,1,0,0,0,0,0,0,0,0,0,0,0,0,1,1,0,0
832,6,0,0,0,0,1,0,0,0,1,1,0,0,0,0,0,0,0,0,0
833,6,0,1,0,0,0,0,0,0,0,0,0,0,0,0,0,0,0,0,0
834,5,0,0,0,0,0,0,0,0,0,0,0,1,0,0,0,0,1,0,0
835,1,0,0,0,0,0,1,0,0,0,0,0,0,1,0,1,0,0,0,0
836,1,0,0,0,0,0,1,0,0,0,0,0,0,0,0,1,0,0,0,0
837,1,0,0,0,0,0,0,0,0,1,0,0,0,0,0,0,0,0,0,0
838,6,0,1,0,0,0,0,0,0,0,0,0,0,0,0,0,0,0,0,0
839,5,0,0,0,0,0,0,0,0,0,0,0,1,0,0,0,0,1,0,0
840,6,0,1,0,0,0,0,0,0,1,0,0,0,0,0,0,0,0,0,1
841,6,0,1,0,0,0,0,0,0,0,0,0,0,0,0,0,0,1,0,0
842,1,0,0,0,0,1,1,0,0,1,0,0,0,0,0,0,0,0,0,0
843,1,0,0,0,0,1,1,0,0,0,0,0,0,0,0,0,0,0,0,0
844,6,0,0,0,0,0,0,1,0,0,0,0,0,0,0,0,0,0,0,0
845,6,0,0,0,0,0,1,0,0,0,0,0,0,0,0,0,0,0,0,0
846,6,0,0,0,0,0,0,0,0,1,0,0,0,0,0,1,0,0,0,0
847,6,0,0,0,0,0,0,0,1,1,0,0,0,0,0,0,0,0,0,0
848,1,0,0,0,0,0,0,0,0,0,0,1,0,0,0,0,0,1,0,0
849,2,0,1,0,0,0,0,0,0,0,0,0,0,0,0,1,0,0,0,0
850,6,0,0,0,0,0,0,0,1,0,0,0,0,0,0,0,0,0,0,0
851,1,0,0,0,0,0,0,0,0,1,0,0,0,0,0,0,0,0,0,0
852,6,0,0,0,0,0,0,0,0,1,0,0,0,0,0,0,0,1,0,0
853,2,0,0,0,0,0,1,0,0,0,0,0,1,0,0,0,0,0,0,0
854,1,0,0,0,0,0,1,0,0,0,0,0,1,0,0,0,0,0,0,0
855,1,0,1,0,0,0,0,0,0,1,0,0,0,0,1,1,0,1,0,0
856,2,0,0,0,0,0,1,0,0,1,0,0,0,0,0,0,0,0,0,0
857,6,0,0,0,0,0,0,0,1,0,0,0,0,0,0,0,0,0,0,0
858,6,0,0,0,0,0,0,0,0,0,0,0,1,0,0,0,0,0,0,0
859,1,0,0,0,0,0,1,0,0,0,0,0,1,0,0,0,0,0,0,0
860,1,0,0,0,0,0,0,0,0,0,0,0,1,0,0,0,0,1,0,0
861,1,0,0,0,0,0,0,0,0,0,0,0,1,0,0,0,0,0,0,0
862,6,0,0,1,0,1,1,0,0,0,0,0,0,0,0,0,0,0,0,0
863,6,0,0,0,0,0,0,0,0,1,0,0,0,0,0,0,0,0,0,0
864,6,0,0,0,0,0,1,0,0,0,0,0,0,0,0,0,0,0,0,0
865,7,0,0,0,0,0,0,0,0,1,0,0,0,0,0,0,0,0,0,0
866,6,0,0,0,0,0,1,0,0,0,0,0,0,0,0,1,0,0,0,0
867,6,0,0,0,0,0,0,0,0,1,0,0,0,0,0,0,0,0,0,0
868,7,0,0,0,0,0,0,0,0,1,0,0,0,0,0,0,0,0,0,0
869,7,0,0,0,0,0,1,0,0,0,0,0,0,0,0,1,0,0,0,0
870,7,0,0,0,0,0,0,0,0,0,0,0,0,0,0,1,0,0,0,0
871,7,0,0,0,0,0,1,0,0,0,0,0,0,0,0,0,0,0,0,0
872,7,0,0,0,0,0,0,0,0,0,0,0,0,0,0,1,0,0,0,0
873,7,0,0,0,0,0,1,0,0,0,0,0,0,0,0,1,0,0,0,0
874,7,0,0,0,0,0,0,0,0,1,0,0,0,0,0,0,0,0,0,0
875,7,0,0,0,0,0,0,0,0,1,0,0,0,0,0,1,0,0,0,0
876,7,0,1,0,0,0,1,0,0,0,0,0,0,0,0,0,0,0,0,0
877,7,0,0,1,0,0,0,0,0,0,0,0,0,0,0,1,0,0,0,0
878,7,0,0,0,0,1,1,0,0,0,0,0,0,0,1,0,0,0,0,0
879,7,0,1,0,0,0,0,0,0,0,0,0,0,0,0,0,0,1,1,0
880,7,0,0,0,0,0,0,0,0,1,0,0,0,0,0,0,0,0,0,0
881,7,0,1,0,0,0,1,0,0,0,0,0,0,0,0,0,0,0,0,0
882,7,0,0,0,0,0,0,0,0,1,0,0,0,0,0,0,0,0,0,0
883,7,0,0,0,0,0,0,0,0,1,0,0,0,0,0,0,0,0,0,0
884,7,0,0,0,0,0,0,0,1,0,0,0,0,0,0,0,0,0,0,0
885,8,0,0,0,0,0,0,0,0,0,0,0,1,0,0,0,0,0,0,0
886,7,0,0,0,0,0,0,0,0,0,0,0,0,0,0,1,0,1,0,0
887,7,0,0,0,0,0,0,0,0,1,0,0,0,0,0,0,0,0,0,0
888,7,0,0,0,0,0,0,0,0,1,0,0,0,0,0,0,0,0,0,0
889,7,0,0,0,0,0,0,0,0,0,0,0,0,0,0,1,0,0,0,0
890,7,0,1,1,0,0,0,0,0,0,0,0,0,0,0,0,0,0,0,0
891,7,0,0,0,0,0,0,0,0,1,0,0,0,0,0,0,0,0,1,0
892,7,0,0,0,0,1,1,0,0,0,1,0,0,0,0,0,0,0,0,0
893,7,0,0,0,0,0,1,0,0,0,0,0,0,0,0,0,0,0,0,0
894,7,0,0,0,0,1,1,0,0,0,0,0,0,0,0,0,0,0,0,0
895,7,0,0,0,0,0,0,0,0,0,0,0,1,0,0,0,0,1,0,0
896,7,0,0,0,0,0,0,0,0,1,0,0,0,0,0,0,0,0,0,0
897,5,0,1,1,0,0,0,0,0,0,0,0,0,0,0,0,1,0,0,0
898,7,0,0,0,0,0,0,0,0,1,0,0,0,0,0,0,0,0,0,0
899,7,0,0,0,0,0,0,0,0,1,0,0,0,0,0,0,0,0,0,0
900,7,0,0,0,0,0,0,0,0,1,0,0,0,0,0,0,0,0,0,0
901,7,0,0,0,0,0,1,0,0,0,0,0,0,0,0,0,0,0,0,0
902,7,0,0,0,0,0,1,1,0,0,0,0,0,0,1,0,0,1,0,0
903,7,0,0,0,0,0,0,0,0,1,0,0,0,0,0,1,0,0,0,0
904,7,0,0,0,0,0,1,0,0,1,0,0,0,0,0,0,0,0,0,0
905,8,0,0,0,0,0,0,0,0,1,0,0,0,0,0,1,0,0,0,0
906,7,0,0,0,0,0,0,0,0,1,0,0,0,0,0,1,0,0,0,0
907,7,0,0,0,0,0,1,0,0,0,0,0,0,0,0,0,0,0,0,0
908,8,0,0,0,0,0,1,0,0,0,0,0,0,0,0,0,0,0,0,0
909,8,0,0,0,0,0,0,0,0,1,0,0,0,0,0,0,0,0,0,0
910,8,0,0,0,0,0,0,0,0,1,0,0,0,0,0,0,0,0,0,0
911,8,0,0,0,0,0,0,1,0,1,0,0,0,0,0,0,0,0,0,0
912,8,0,1,0,0,0,0,0,0,0,0,0,0,0,0,0,0,1,0,0
913,8,0,0,0,0,0,1,0,0,0,0,0,0,0,0,0,0,0,0,0
914,8,0,0,0,0,0,0,1,0,1,0,0,0,0,1,0,0,1,0,0
915,8,0,0,0,0,0,0,0,0,1,0,0,0,0,0,0,0,0,0,0
916,8,0,1,0,0,0,0,0,0,0,0,0,0,0,0,0,1,1,0,0
917,8,0,1,0,0,0,0,0,0,1,0,0,0,0,0,0,0,1,0,0
918,8,0,0,0,0,0,0,0,0,0,0,0,0,0,0,1,0,0,0,0
919,5,0,0,1,0,0,0,0,0,0,0,0,0,0,0,0,1,0,0,0
920,5,0,0,0,0,0,0,0,0,1,0,0,0,0,0,0,0,0,0,0
921,3,0,0,0,0,0,0,0,0,1,0,0,0,0,0,1,0,0,0,0
922,6,0,0,0,0,0,0,0,0,0,0,0,0,0,0,0,0,0,0,1
923,2,0,0,0,0,0,0,0,0,1,0,0,0,0,0,0,0,0,0,0
924,6,0,0,1,0,0,0,0,0,1,0,0,0,0,0,0,0,0,0,0
925,6,0,0,0,0,0,0,0,0,0,0,0,0,0,0,0,1,1,0,0
926,6,0,0,0,0,0,1,0,0,0,0,0,0,0,0,0,0,0,0,0
927,6,0,0,0,0,0,0,0,0,1,0,0,0,0,0,0,0,0,0,0
928,6,0,0,0,0,0,0,0,0,1,0,0,1,0,0,0,0,0,0,0
929,6,0,0,0,0,1,1,0,0,0,0,0,0,0,0,0,0,0,0,0
930,6,0,1,1,0,0,0,0,0,0,0,0,0,0,0,0,0,1,0,0
931,6,0,0,0,0,0,0,0,0,0,0,0,0,0,0,0,1,1,0,0
932,6,0,0,0,0,1,1,0,0,0,0,0,0,0,0,0,0,0,0,0
933,6,0,0,0,0,0,0,0,0,1,0,0,0,0,0,0,0,0,0,0
934,6,0,0,0,0,0,0,0,0,1,0,0,0,0,0,0,0,0,0,0
935,7,0,0,0,0,0,0,0,0,1,0,0,0,0,0,0,0,0,1,0
936,7,0,0,0,0,0,1,0,0,1,0,0,0,0,0,1,0,0,0,0
937,7,0,0,0,0,0,0,0,0,1,0,0,0,0,0,0,0,0,0,0
938,7,0,0,0,0,0,1,0,0,0,0,0,0,0,0,1,0,0,0,0
939,5,0,0,0,0,0,0,0,0,1,0,0,0,0,0,0,0,1,0,0
940,4,0,0,0,0,0,1,0,0,0,0,0,0,0,0,0,0,0,0,0
941,4,0,0,0,0,0,1,0,0,1,0,0,0,0,0,0,0,0,0,0
942,3,0,0,0,0,0,0,0,0,1,0,0,0,0,0,0,0,0,0,0
943,4,0,0,0,0,0,0,0,0,0,0,0,0,0,0,0,0,1,0,0
944,4,0,0,0,0,0,1,0,0,1,0,0,0,0,0,0,0,0,1,0
945,1,0,0,0,0,0,1,0,0,0,0,0,0,0,1,1,0,1,0,0
946,1,0,0,0,1,1,0,0,0,0,0,0,0,0,0,0,0,0,0,0
947,1,0,0,1,0,0,0,0,0,0,0,0,0,0,0,1,0,0,0,0
948,7,0,0,0,0,0,1,0,0,0,0,0,0,0,0,1,0,0,0,0
949,5,0,0,0,0,0,0,0,0,1,0,0,0,0,0,1,0,0,0,0
950,5,0,0,0,0,0,0,0,0,1,0,0,0,0,0,0,0,0,0,0
951,5,0,0,1,0,1,0,0,0,0,1,0,0,0,0,0,0,0,0,0
952,5,0,0,0,0,0,1,0,0,0,0,0,0,0,0,0,0,0,0,0
953,5,0,0,0,0,0,1,0,0,1,0,0,0,0,0,0,0,0,0,0
954,5,0,0,0,0,0,0,0,1,0,0,0,0,0,0,0,0,0,0,0
955,5,0,0,0,0,0,0,0,0,1,0,0,0,0,0,1,0,0,0,0
956,4,0,0,0,0,0,0,0,0,1,0,0,0,0,0,0,0,0,0,0
957,2,0,0,0,0,0,1,0,0,0,0,0,0,0,0,0,0,0,0,0
958,4,0,0,0,0,0,0,0,0,1,0,0,0,0,0,0,0,0,0,0
959,3,0,0,0,0,0,1,0,0,0,0,0,0,0,0,0,0,0,0,0
960,3,0,0,0,0,0,0,0,0,1,0,0,0,0,0,0,0,0,0,0
961,3,0,0,0,0,0,0,0,0,1,0,0,0,0,0,0,0,0,0,0
962,3,0,0,0,0,0,0,0,0,1,0,0,0,0,0,0,0,0,0,0
963,3,0,0,0,0,0,0,0,0,1,0,0,0,0,0,0,0,1,0,0
964,5,0,0,0,0,0,1,0,0,1,0,0,0,0,0,0,0,0,0,0
965,1,0,0,0,0,0,1,0,0,0,0,0,0,1,0,0,0,0,0,0
966,1,0,0,0,0,0,0,0,0,0,0,0,0,0,0,1,0,0,0,0
967,1,0,0,0,0,0,0,0,0,1,0,0,0,0,0,0,0,0,0,0
968,1,0,0,0,0,0,0,0,0,0,0,0,0,1,0,0,0,0,0,0
969,1,0,0,0,1,1,0,0,0,0,0,0,0,0,0,0,0,0,0,0
970,2,0,0,0,0,0,1,0,0,0,0,0,0,0,0,0,0,0,0,0
971,2,0,0,0,0,0,1,0,0,0,0,0,0,0,0,0,0,0,1,0
972,2,0,0,0,0,0,0,0,0,1,0,0,0,0,0,0,0,0,0,0
973,6,0,0,0,0,0,0,0,1,0,0,0,0,0,0,0,0,0,0,0
974,6,0,0,0,0,0,0,0,0,1,0,0,0,0,0,0,0,1,0,0
975,6,0,0,0,0,0,0,0,0,0,0,0,0,0,0,0,0,1,0,0
976,6,0,1,0,0,0,0,0,0,0,0,0,0,0,0,0,1,1,0,0
977,6,0,1,0,0,0,0,0,0,0,0,0,0,0,0,0,0,0,0,0
978,6,0,0,0,0,0,0,0,0,0,0,0,0,0,1,0,0,1,0,0
979,6,0,0,0,0,0,0,0,0,1,0,0,0,0,0,0,0,1,0,0
980,6,0,0,0,0,0,0,0,0,1,0,0,0,0,0,0,0,0,0,0
981,6,0,0,0,0,0,0,0,0,1,0,0,0,0,0,0,0,0,0,0
982,6,0,1,1,0,0,0,0,0,0,0,0,0,0,0,0,0,1,0,0
983,6,0,0,0,0,0,0,0,0,0,0,0,0,0,0,0,0,1,0,0
984,7,0,0,0,0,0,0,0,0,0,0,0,0,0,0,0,0,1,0,0
985,6,0,0,0,0,0,0,0,0,1,0,0,0,0,0,0,0,0,0,0
986,7,0,0,0,0,0,0,0,0,0,0,0,0,0,0,0,0,1,0,0
987,7,0,0,0,0,0,0,0,0,0,0,0,0,0,0,0,0,1,0,0
988,7,0,0,0,0,0,1,0,0,0,0,0,0,0,0,1,0,0,0,0
989,7,0,0,0,1,1,0,0,0,0,0,0,0,1,0,0,0,0,0,0
990,7,0,0,0,0,0,0,0,0,1,0,0,0,0,0,1,0,0,0,0
991,7,0,0,0,0,0,0,1,0,0,0,0,0,0,0,0,0,0,0,0
992,7,0,0,0,0,0,1,0,0,0,0,0,0,0,0,0,0,1,0,0
993,7,0,0,1,1,1,1,0,0,0,0,0,0,1,0,0,0,0,0,0
994,7,0,0,0,0,0,0,0,0,1,0,0,0,0,0,0,0,0,0,0
995,7,0,0,0,0,0,1,0,0,0,0,0,0,0,0,0,0,0,0,0
996,5,0,0,0,0,1,1,0,0,0,0,0,0,0,0,0,0,0,0,0
997,5,0,0,0,0,0,1,0,0,0,0,0,0,0,0,0,0,0,0,0
998,4,0,0,0,0,0,1,0,0,0,0,0,0,0,0,0,0,0,0,0
999,4,0,0,0,0,0,1,0,0,0,0,0,0,0,0,0,0,0,0,0
1000,4,0,0,0,0,0,1,0,0,0,0,0,0,0,0,0,0,0,0,1
1001,6,0,0,0,0,0,1,0,0,0,0,0,0,0,0,0,0,0,0,0
1002,7,0,0,0,0,0,1,0,0,0,0,0,0,0,0,0,0,0,0,0
1003,7,0,0,0,0,1,1,0,0,0,0,0,0,0,1,0,0,0,0,0
1004,3,0,0,0,0,0,0,0,0,1,0,0,0,0,0,0,0,0,0,1
1005,2,0,0,0,0,0,0,0,0,1,0,0,0,0,0,0,0,0,0,0
1006,2,0,0,0,0,0,0,0,0,1,0,0,0,0,0,0,1,0,0,0
1007,7,0,0,0,0,0,1,0,0,0,0,0,0,0,0,0,0,0,0,0
1008,6,0,0,0,0,0,0,0,0,1,0,0,0,0,0,0,0,0,0,0
1009,6,0,0,0,0,0,0,0,0,1,0,0,0,0,0,0,0,0,0,0
1010,6,0,0,0,0,0,0,0,0,1,0,0,0,0,0,0,0,0,0,0
1011,6,0,0,0,0,0,0,1,0,0,0,0,0,0,0,0,0,0,0,0
1012,7,0,0,0,0,0,1,0,0,1,0,0,0,0,0,0,0,0,0,0
1013,7,0,1,1,0,0,0,0,0,0,0,0,0,0,0,0,0,1,0,0
1014,7,0,0,0,0,0,1,0,0,0,0,0,0,0,0,0,0,0,0,0
1015,7,0,0,0,0,1,0,0,0,1,0,0,0,0,0,0,0,0,0,0
1016,7,0,1,1,0,0,0,0,0,0,0,0,0,0,0,0,0,1,0,0
1017,6,0,0,0,0,0,0,0,0,1,0,0,0,0,0,0,0,0,0,0
1018,2,0,0,0,0,0,0,0,0,1,0,0,0,0,0,0,0,0,0,0
1019,1,0,1,0,0,0,0,0,0,0,0,0,0,0,0,0,0,1,0,0
1020,1,0,0,0,0,0,0,0,0,0,0,0,0,0,1,0,0,1,0,0
1021,1,0,0,0,0,0,0,0,0,1,0,0,0,0,0,0,0,0,0,0
1022,7,0,0,0,0,0,0,0,1,0,0,0,0,0,0,0,0,0,0,0
1023,7,0,0,0,0,0,1,0,0,0,0,0,0,0,0,0,0,0,0,0
1024,7,0,0,0,0,0,0,0,0,0,0,0,0,0,0,1,0,0,0,0
1025,7,0,1,0,0,0,0,0,0,1,0,0,0,0,0,0,0,1,0,0
1026,7,0,0,0,0,0,1,0,0,1,0,0,0,0,0,0,0,0,0,0
1027,5,0,1,0,0,0,0,0,0,0,0,0,0,0,0,0,0,0,0,0
1028,5,0,0,0,0,0,1,0,0,0,0,0,0,0,0,1,0,0,0,0
1029,5,0,0,0,0,0,1,0,0,0,0,0,0,0,0,0,0,0,0,0
1030,3,0,0,0,0,0,1,0,0,0,0,0,0,0,0,0,0,0,0,0
1031,4,0,0,1,0,1,0,0,0,0,0,0,0,0,0,0,0,0,0,0
1032,4,0,0,0,0,1,1,0,0,0,0,0,0,0,0,0,0,0,0,0
1033,6,0,0,1,0,1,0,0,0,0,0,0,0,0,0,0,0,0,0,0
1034,6,0,1,1,0,0,0,0,0,0,0,0,0,0,0,0,0,0,0,0
1035,3,0,0,0,0,0,1,0,0,0,0,0,0,0,0,0,0,0,0,0
1036,2,0,0,0,0,0,1,0,0,0,1,0,0,0,0,0,0,0,0,0
1037,1,0,0,0,0,0,1,0,0,0,0,0,0,1,0,1,0,0,0,0
1038,7,0,0,0,0,0,0,0,0,0,0,0,0,0,0,0,0,1,0,0
1039,7,0,0,0,0,0,0,0,0,1,0,0,0,0,0,0,0,0,0,0
1040,6,0,0,0,0,0,1,0,0,0,0,0,0,0,0,1,0,0,0,0
1041,5,0,0,0,0,0,1,0,0,0,0,0,0,0,0,1,0,0,0,0
1042,5,0,0,0,0,0,0,0,0,0,0,0,0,0,1,0,0,1,0,0
1043,5,0,0,0,0,0,1,0,0,0,0,0,0,0,0,0,0,0,0,0
1044,4,0,0,0,0,0,1,0,0,1,0,0,0,0,0,0,0,0,0,0
1045,3,0,0,0,0,0,0,0,0,1,0,0,0,0,0,0,0,0,0,0
1046,3,0,0,0,0,0,0,0,0,0,0,0,0,0,0,0,0,1,0,0
1047,6,0,0,0,0,0,1,0,0,0,0,0,0,0,0,0,0,0,0,0
1048,6,0,0,0,0,0,1,0,0,0,0,0,0,0,0,1,0,0,0,0
1049,6,0,0,0,0,0,1,0,0,0,0,0,0,0,0,0,0,0,0,0
1050,1,0,0,0,0,0,0,0,0,1,0,0,0,0,0,1,0,0,0,0
1051,6,0,0,0,0,0,1,0,0,0,0,0,0,0,0,0,0,0,0,0
1052,5,0,0,0,0,0,1,0,0,0,0,0,1,0,0,0,0,0,0,0
1053,5,0,0,0,0,0,0,0,0,1,0,0,0,0,0,0,0,0,0,0
1054,6,0,0,0,0,0,1,0,0,0,0,0,0,0,0,0,0,0,0,0
1055,4,0,0,0,0,0,0,0,0,1,0,0,0,0,0,0,0,0,0,0
1056,2,0,0,0,0,0,0,0,0,0,0,0,1,0,0,0,0,0,0,0
1057,6,0,0,0,0,0,1,0,0,0,0,0,0,0,0,0,0,0,0,0
1058,4,0,0,1,0,0,0,0,0,1,0,0,0,0,0,0,0,0,0,0
1059,6,0,0,0,0,0,1,0,0,0,0,0,0,0,0,0,0,0,0,0
1060,6,0,0,1,0,1,0,0,0,0,0,0,0,0,0,0,0,0,0,0
1061,6,0,0,0,0,0,1,0,0,1,0,0,0,0,0,0,0,0,0,0
1062,8,0,0,0,0,0,0,0,0,1,0,0,0,0,0,0,0,0,0,0
1063,5,0,0,0,0,1,0,0,0,1,0,0,0,0,0,0,0,0,0,0
1064,1,0,0,0,0,0,0,1,0,0,0,1,0,0,0,0,0,0,0,0
1065,1,0,0,0,0,0,0,0,1,0,0,0,0,0,0,0,0,0,1,0
1066,5,0,0,0,1,1,0,0,0,0,0,0,0,0,0,0,0,0,0,0
1067,6,0,0,0,0,0,1,0,0,0,0,0,0,0,0,0,0,0,0,0
1068,6,0,0,0,0,0,0,0,0,1,0,0,0,0,0,0,0,0,0,0
1069,4,0,0,0,0,0,0,1,0,1,0,0,0,0,0,0,0,1,0,0
1070,5,0,0,0,0,0,1,0,0,0,0,0,0,0,0,0,0,0,0,0
1071,5,0,0,0,0,0,1,0,0,0,0,0,0,0,0,0,0,0,0,0
1072,5,0,0,0,0,0,1,0,0,0,0,0,0,0,0,1,0,0,0,0
1073,4,0,0,0,0,0,0,0,0,0,0,0,0,0,0,0,0,1,0,0
1074,4,0,0,0,0,0,1,0,0,1,0,0,0,0,0,0,0,0,0,0
1075,4,0,0,0,0,0,0,0,0,1,0,0,0,0,0,0,0,0,0,0
1076,4,0,1,1,1,1,0,0,0,0,1,0,0,0,0,0,0,0,0,0
1077,4,0,0,0,0,0,0,0,0,0,0,0,0,0,0,0,0,1,0,0
1078,1,0,0,0,1,1,0,0,0,0,0,0,0,0,0,0,0,0,0,0
1079,6,0,0,0,0,0,1,0,0,0,0,0,0,1,0,0,0,0,0,0
1080,6,0,0,0,0,0,1,0,0,0,0,0,0,0,0,0,0,0,0,0
1081,6,0,0,0,0,0,0,1,0,0,0,0,0,0,0,0,0,0,0,0
1082,7,0,0,0,0,0,0,0,0,1,0,0,0,0,0,0,0,0,0,0
1083,7,0,0,0,0,0,0,1,0,0,0,0,0,0,0,0,0,1,0,0
1084,6,0,0,0,0,0,0,0,1,0,0,0,0,0,0,0,0,0,0,0
1085,6,0,0,0,0,0,0,0,0,1,0,0,0,0,0,1,0,0,0,0
1086,6,0,0,0,0,0,0,0,0,1,0,0,0,0,0,0,0,0,0,0
1087,6,0,1,0,0,0,0,0,0,0,0,0,0,0,0,0,0,0,0,0
1088,7,0,1,0,0,0,0,0,0,0,0,0,0,0,0,0,0,0,0,0
1089,7,0,1,0,0,0,0,0,0,0,0,0,0,0,0,1,0,1,0,0
1090,3,0,0,0,0,0,0,0,0,0,0,0,0,0,0,0,0,1,0,0
1091,1,0,0,1,1,1,0,0,0,0,0,0,0,1,0,0,0,0,0,0
1092,6,0,0,0,0,0,1,0,0,0,0,0,0,0,0,0,0,0,0,0
1093,6,0,0,0,0,0,1,0,0,0,0,0,0,0,0,0,0,0,0,0
1094,6,0,0,0,0,0,1,0,0,0,0,0,0,0,0,0,0,0,0,0
1095,6,0,0,0,0,0,1,0,0,0,0,0,0,0,0,0,0,0,0,0
1096,7,0,0,0,0,0,0,0,0,0,0,0,0,0,0,1,0,0,0,0
1097,6,0,0,0,0,0,0,0,0,1,0,0,0,0,0,0,0,0,0,0
1098,6,0,0,0,0,0,1,0,0,0,0,0,0,0,0,0,0,0,0,0
1099,4,0,0,0,0,0,0,0,0,1,0,0,0,0,0,0,0,0,0,0
1100,4,0,0,0,0,0,1,0,0,1,0,0,0,0,0,1,0,0,0,0
1101,3,0,0,0,0,0,0,0,0,1,0,0,0,0,1,0,0,0,0,0
1102,6,0,0,0,0,0,1,0,0,0,0,0,0,0,0,1,0,0,0,0
1103,2,0,0,0,0,0,1,0,0,1,0,0,0,0,0,0,0,0,0,0
1104,2,0,0,0,0,0,1,1,0,1,0,0,0,0,0,0,0,0,0,0
1105,8,0,1,1,0,0,0,0,0,0,0,0,0,0,0,0,0,1,0,0
1106,8,0,0,0,0,0,0,1,0,1,0,0,0,0,0,0,0,0,0,0
1107,5,0,0,0,0,0,0,0,0,1,0,0,0,0,0,0,0,0,0,0
1108,5,0,0,0,0,0,0,0,0,1,0,0,0,0,0,0,0,0,0,0
1109,4,0,0,0,0,0,0,0,0,1,0,0,0,0,0,0,0,1,0,0
1110,5,0,1,0,0,0,1,0,0,0,0,0,0,1,0,0,1,0,0,0
1111,6,0,0,0,0,0,0,0,0,1,0,0,0,0,0,0,0,0,0,0
1112,4,0,0,0,0,0,0,0,0,1,0,0,0,0,0,0,0,0,0,0
1113,4,0,0,0,0,0,0,0,0,1,0,0,0,0,0,0,0,0,0,0
1114,6,0,0,0,0,0,1,0,0,0,0,0,0,0,0,0,0,0,0,0
1115,6,0,0,0,0,0,1,0,0,1,0,0,0,0,0,1,0,0,0,0
1116,1,0,0,1,0,0,0,0,0,0,0,0,0,0,0,0,0,0,0,0
1117,6,0,0,0,0,0,0,0,0,1,0,0,0,0,0,0,0,0,0,0
1118,1,0,0,0,0,0,1,0,0,0,0,0,0,0,0,0,0,0,0,0
1119,1,0,0,0,0,0,0,0,0,1,0,0,0,0,0,1,0,0,0,0
1120,6,0,0,0,0,0,1,0,0,0,0,0,0,0,0,0,0,0,0,0
1121,6,0,0,0,0,0,0,0,0,1,0,0,0,1,0,0,0,0,0,0
1122,1,0,0,0,0,0,0,1,0,1,0,0,0,0,0,0,0,0,0,0
1123,1,0,0,0,0,0,0,0,0,1,0,0,0,0,0,0,0,0,0,0
1124,1,0,0,0,0,0,0,0,0,0,0,0,0,0,0,1,0,0,1,0
1125,1,0,0,0,0,0,0,0,0,0,0,0,0,0,0,0,0,1,0,0
1126,1,0,0,1,0,0,0,0,0,1,0,0,0,0,0,0,0,0,0,0
1127,8,0,0,0,0,0,0,0,0,1,0,0,0,0,0,0,0,0,0,0
1128,6,0,0,0,0,0,0,0,1,0,0,0,0,0,0,0,0,0,0,0
1129,6,0,0,0,0,0,0,0,0,1,0,0,0,0,1,1,0,0,0,0
1130,6,0,0,0,0,0,0,0,1,0,0,0,0,0,0,0,0,0,0,0
1131,5,0,0,0,0,0,0,0,0,0,0,0,0,0,0,0,0,1,0,0
1132,6,0,0,0,0,0,0,0,0,1,0,0,0,0,0,1,0,0,0,0
1133,1,0,0,1,0,1,0,0,0,0,1,0,0,0,0,0,0,0,0,0
1134,6,0,0,0,0,0,0,0,0,1,0,0,0,0,0,0,0,0,0,0
1135,2,0,0,0,0,0,0,0,0,1,0,0,0,1,0,0,0,0,0,0
1136,6,0,0,0,0,0,0,0,0,1,0,0,0,0,0,0,0,0,0,0
1137,6,0,0,0,0,0,0,0,0,1,0,0,0,0,0,1,0,0,0,0
1138,7,0,1,0,0,0,1,1,0,1,0,0,0,0,0,0,0,0,0,0
1139,5,0,1,0,0,0,0,1,0,0,0,0,0,0,0,0,0,1,0,0
1140,4,0,0,0,0,0,1,0,0,0,0,0,0,0,0,0,0,0,0,0
1141,3,0,0,0,0,0,0,0,1,0,0,0,0,0,0,0,0,0,0,0
1142,7,0,0,0,0,0,0,0,1,0,0,0,0,0,0,0,0,0,0,0
1143,7,0,0,0,0,0,0,1,0,0,0,0,0,0,0,0,0,1,0,0
1144,7,0,0,0,0,0,0,0,0,1,0,0,0,0,0,0,0,0,0,0
1145,4,0,0,0,0,0,0,0,0,1,0,0,0,0,0,0,0,0,0,0
1146,3,0,0,0,0,0,0,0,0,1,0,0,0,0,0,0,0,0,0,0
1147,5,0,0,0,0,0,0,0,0,1,0,0,0,0,0,0,0,0,0,0
1148,4,0,0,0,0,0,0,0,0,1,0,0,0,0,0,0,0,0,0,0
1149,1,0,0,0,0,0,0,0,0,1,0,0,0,0,0,0,0,0,0,0
1150,6,0,0,0,0,0,0,0,0,1,0,0,0,0,0,0,0,0,0,0
1151,6,0,0,0,0,0,0,1,0,0,0,0,0,0,0,0,0,0,0,0
1152,7,0,0,0,0,0,0,0,0,0,0,0,0,0,0,1,0,0,1,0
1153,3,0,0,0,0,0,0,0,0,1,0,0,0,1,0,0,0,0,0,0
1154,1,0,0,0,0,0,0,0,0,0,0,0,0,0,0,0,1,0,0,0
1155,6,0,0,0,0,0,1,0,0,0,0,0,0,0,0,1,0,0,0,0
1156,6,0,0,0,0,0,0,1,0,1,0,0,0,0,0,0,0,0,0,0
1157,7,0,0,0,0,0,0,0,0,0,0,0,1,0,0,0,0,0,0,0
1158,6,0,0,0,0,0,0,0,0,1,0,0,0,0,0,0,0,0,0,0
1159,1,0,0,0,0,0,0,0,0,0,0,0,0,0,1,0,1,0,0,0
1160,7,0,0,0,0,0,0,0,0,1,0,0,0,0,0,1,0,0,0,0
1161,6,0,1,0,0,0,0,0,0,1,0,0,0,0,0,0,0,0,0,0
1162,6,0,0,0,0,0,1,0,0,0,0,0,0,0,0,0,0,0,0,0
1163,6,0,0,0,0,0,0,0,0,1,0,0,0,0,0,0,0,0,0,0
1164,7,0,0,0,0,1,0,0,0,0,0,0,0,0,0,0,0,0,0,0
1165,6,0,0,0,0,0,1,0,0,1,0,0,0,0,0,0,0,0,0,0
1166,3,0,0,0,0,0,1,0,0,0,0,0,0,0,0,0,0,0,0,0
1167,4,0,0,0,0,0,1,0,0,0,0,0,0,0,0,0,0,0,0,0
1168,3,0,0,0,0,0,0,0,0,1,0,0,0,0,0,0,0,0,0,0
1169,4,0,0,0,0,0,0,0,0,1,0,0,0,0,0,0,0,0,0,0
1170,4,0,0,0,0,0,1,0,0,1,0,0,0,0,0,0,0,0,0,0
1171,4,0,0,0,0,0,0,0,0,1,0,0,0,0,0,0,0,0,0,0
1172,1,0,0,0,0,0,1,0,0,0,0,0,0,0,0,0,0,0,0,0
1173,7,0,0,0,0,0,0,0,0,1,0,0,0,0,0,1,0,0,0,0
1174,6,0,0,0,0,0,0,0,0,1,0,0,0,0,0,0,0,1,0,0
1175,7,0,0,0,0,0,0,0,0,0,0,0,0,0,0,1,0,0,0,0
1176,7,0,0,0,0,0,0,0,0,1,0,0,0,0,0,0,0,0,1,0
1177,6,0,0,0,0,0,1,0,0,0,0,0,0,0,0,0,0,0,0,0
1178,4,0,0,0,0,0,1,0,0,0,0,0,0,0,0,0,0,0,0,0
1179,5,0,0,0,0,0,1,0,0,0,0,0,0,0,0,0,0,0,0,0
1180,4,0,1,0,0,0,1,0,0,0,0,0,0,0,0,0,0,0,0,0
1181,4,0,1,0,0,0,1,0,0,0,0,0,0,0,0,0,0,0,0,0
1182,4,0,0,0,0,0,1,0,0,0,0,0,0,0,0,0,0,0,0,0
1183,4,0,1,0,0,0,1,0,0,0,0,0,0,0,0,0,0,0,0,0
1184,4,0,0,0,0,0,0,0,1,0,0,0,0,0,0,0,0,0,0,0
1185,4,0,0,0,0,0,1,0,0,0,0,0,0,0,0,0,0,0,1,0
1186,4,0,0,0,0,0,1,0,0,1,0,0,0,0,0,0,0,0,0,0
1187,1,0,0,0,0,0,0,1,0,0,0,0,0,0,0,0,0,0,0,0
1188,2,0,1,0,0,0,1,0,0,0,0,0,0,0,0,0,0,0,0,1
1189,7,0,0,0,0,0,0,0,0,1,0,0,0,0,0,0,0,0,0,0
1190,7,0,0,0,0,0,1,0,0,0,0,0,0,0,0,1,0,0,0,0
1191,8,0,0,0,0,0,0,1,0,1,0,0,0,0,0,0,0,0,0,0
1192,3,0,0,0,0,0,0,0,0,1,0,0,0,0,0,0,0,0,0,0
1193,4,0,0,0,0,0,0,0,0,1,0,0,0,0,0,0,0,0,0,0
1194,4,0,0,0,0,0,0,1,0,1,0,0,0,0,0,0,0,0,0,0
1195,3,0,0,0,0,0,0,0,0,1,0,0,0,0,0,0,0,0,0,0
1196,2,0,0,0,0,0,0,0,0,1,0,0,0,0,0,0,0,0,0,0
1197,6,0,0,0,0,0,1,0,0,1,0,0,0,0,0,0,0,0,0,0
1198,1,0,0,0,0,0,0,1,0,0,0,0,0,0,0,0,0,1,0,0
1199,6,0,0,0,0,0,1,0,0,0,0,0,1,0,0,0,0,0,0,0
1200,1,0,0,0,0,1,0,0,0,1,0,0,0,0,0,0,0,0,0,0
1201,6,0,0,0,0,0,0,0,1,0,0,0,0,0,0,0,0,0,0,0
1202,6,0,0,0,0,0,1,0,0,0,0,0,0,0,0,0,0,0,0,0
1203,1,0,0,0,0,0,1,0,0,0,0,0,0,1,0,1,0,0,0,0
1204,1,0,0,0,0,0,1,0,0,1,0,0,0,0,0,0,0,0,1,0
1205,6,0,0,0,0,0,0,0,0,1,0,0,0,0,0,0,0,0,0,0
1206,3,0,0,0,0,0,1,0,0,0,0,0,0,0,0,0,0,0,0,0
1207,5,0,0,0,0,0,0,0,0,0,0,0,0,0,0,0,0,1,0,0
1208,5,0,0,0,0,0,0,1,0,1,0,0,0,0,0,0,0,1,0,0
1209,4,0,0,0,0,0,1,0,0,0,0,0,0,0,0,0,0,0,0,0
1210,5,0,0,0,0,0,0,0,0,0,0,0,0,0,0,0,1,1,0,0
1211,4,0,0,0,0,0,0,0,0,1,0,0,0,0,0,1,0,0,0,0
1212,3,0,0,0,0,0,0,0,0,1,0,0,0,0,1,1,0,0,0,0
1213,3,0,0,0,0,0,0,1,0,1,0,0,0,0,0,0,0,1,0,0
1214,1,0,0,0,0,0,0,0,0,1,0,0,0,0,0,0,0,0,0,0
1215,6,0,1,0,0,0,0,0,0,0,0,0,0,0,0,0,1,0,0,0
1216,7,0,0,0,0,0,0,0,0,0,0,0,0,0,0,1,0,0,0,0
1217,5,0,0,0,0,0,0,0,0,0,0,0,0,0,0,0,0,1,0,0
1218,5,0,0,0,0,0,1,0,0,0,0,0,0,0,0,0,0,0,0,0
1219,5,0,0,0,1,1,1,0,0,0,0,0,0,0,0,1,0,0,0,0
1220,5,0,0,0,0,0,0,0,0,1,0,0,0,0,0,0,0,0,0,0
1221,4,0,0,0,0,0,0,0,0,1,0,0,0,0,0,0,0,0,0,0
1222,3,0,1,0,0,0,0,0,0,0,0,0,0,0,0,0,0,0,0,0
1223,3,0,0,0,0,0,0,0,0,1,0,0,0,0,0,0,0,0,0,0
1224,4,0,0,0,0,0,0,0,0,1,0,0,0,0,0,0,0,0,0,0
1225,5,0,0,0,0,0,1,0,0,0,0,0,0,0,0,0,0,0,0,0
1226,7,0,0,0,0,0,0,1,0,1,0,0,0,0,0,0,0,0,0,0
1227,5,0,0,0,0,0,0,0,0,1,0,0,0,0,0,0,0,0,0,0
1228,5,0,1,0,0,0,0,0,0,0,0,0,0,0,0,0,0,0,0,0
1229,5,0,0,0,0,0,0,0,0,1,0,0,0,0,0,0,0,1,0,0
1230,4,0,0,0,0,0,1,0,0,0,0,0,0,0,0,0,0,0,0,0
1231,2,0,1,0,0,0,0,0,0,1,0,0,0,0,0,0,0,0,0,0
1232,2,0,0,0,0,0,0,0,1,0,0,0,0,0,0,0,0,0,0,0
1233,6,0,0,0,0,0,0,0,0,1,0,0,0,0,0,0,0,0,0,0
1234,8,0,0,0,0,0,1,0,0,0,0,0,0,0,0,0,0,0,0,0
1235,4,0,0,0,0,0,0,1,0,0,0,0,0,0,0,0,0,0,0,0
1236,7,0,0,0,0,0,0,0,0,1,0,0,0,0,0,0,0,0,0,0
1237,6,0,0,0,0,0,1,0,0,1,0,0,0,0,0,0,0,0,0,0
1238,6,0,0,0,0,0,0,0,0,1,0,0,0,0,0,0,0,0,0,0
1239,5,0,1,1,0,0,0,0,0,0,0,0,0,0,0,1,0,0,0,0
1240,6,0,0,0,1,0,0,0,0,0,0,0,0,0,0,0,1,0,0,0
1241,7,0,0,0,0,0,1,0,0,1,0,0,0,0,0,0,0,0,0,0
1242,2,0,0,0,0,0,1,0,0,0,0,0,0,0,0,0,0,0,0,0
1243,8,0,0,0,0,0,0,0,0,0,0,0,1,0,0,0,0,0,0,0
1244,7,0,1,0,0,0,0,0,0,0,0,0,0,0,0,0,0,0,0,0
1245,7,0,0,0,0,0,0,1,0,0,0,0,0,0,0,0,0,0,0,0
1246,5,0,0,0,0,0,1,0,0,0,0,0,0,0,0,0,0,0,0,0
1247,4,0,0,0,0,0,0,0,0,0,0,0,0,0,0,0,0,0,0,1
1248,4,0,0,0,0,0,0,0,0,0,0,0,0,0,0,0,0,1,0,0
1249,3,0,0,0,0,0,1,0,0,0,0,0,0,0,0,0,0,0,0,0
1250,5,0,1,0,0,0,0,0,0,0,0,0,0,0,0,0,0,0,0,0
1251,7,0,0,0,0,0,1,0,0,0,0,0,0,0,0,0,0,0,0,0
1252,7,0,0,0,0,0,0,0,0,1,0,0,0,0,0,0,0,0,0,0
1253,5,0,0,0,0,0,0,0,0,0,0,0,0,0,0,0,0,1,0,0
1254,7,0,0,0,0,0,1,0,0,0,0,0,0,0,0,0,0,0,0,0
1255,7,0,0,0,0,0,0,0,0,1,0,0,0,0,0,0,0,0,0,0
1256,7,0,0,0,0,0,0,0,0,1,0,0,0,0,0,0,0,0,0,0
1257,7,0,0,0,0,0,0,0,0,1,0,0,0,0,0,0,0,0,0,0
1258,7,0,0,0,0,0,1,0,0,0,0,0,0,0,0,1,0,0,0,0
1259,6,0,0,0,0,0,1,0,0,0,0,0,0,0,0,1,0,0,0,0
1260,5,0,0,0,0,0,0,0,0,1,0,0,0,0,0,0,0,0,0,0
1261,5,0,0,0,0,0,0,0,0,1,0,0,0,0,0,0,0,0,0,0
1262,6,0,0,0,0,0,0,0,0,0,0,0,0,0,0,1,0,0,0,0
1263,6,0,0,0,0,0,0,0,0,1,0,0,0,0,0,0,0,0,0,0
1264,6,0,0,0,0,0,0,0,0,1,0,0,0,0,0,0,0,0,0,0
1265,7,0,0,0,0,0,0,0,0,1,0,0,0,0,0,0,0,0,0,0
1266,1,0,0,0,0,0,0,0,0,1,0,0,0,0,0,0,0,0,0,0
1267,5,0,0,0,0,0,0,0,0,1,0,0,0,0,0,0,0,0,0,0
1268,2,0,0,0,0,0,0,0,0,1,0,0,0,0,0,0,0,0,0,0
1269,1,0,0,0,0,0,1,0,0,0,0,0,0,0,0,1,0,0,0,0
1270,3,0,0,0,0,0,1,0,0,0,0,0,0,0,0,0,0,0,0,0
1271,4,0,0,0,0,0,1,0,0,0,0,0,0,0,0,0,0,0,0,0
1272,4,0,0,0,0,0,1,0,0,1,0,0,0,0,0,0,0,0,0,0
1273,4,0,0,0,0,0,0,0,0,1,0,0,0,0,0,0,0,1,0,0
1274,3,0,0,0,0,0,0,0,0,0,0,0,0,0,0,0,1,1,0,0
1275,4,0,0,0,0,0,0,0,0,0,0,0,0,0,0,0,0,1,0,0
1276,6,0,0,0,0,0,0,0,0,1,0,0,0,0,0,0,0,0,0,0
1277,6,0,1,0,0,0,0,1,0,0,0,0,0,0,0,0,0,0,0,0
1278,7,0,0,0,0,0,0,0,0,1,0,0,0,1,0,0,0,0,0,0
1279,7,0,0,1,0,1,0,0,0,0,0,0,0,0,0,0,0,0,0,0
1280,7,0,0,0,0,0,0,1,0,0,0,0,0,0,0,0,0,0,0,0
1281,6,0,0,0,0,0,0,0,0,1,0,0,0,0,0,0,0,0,0,0
1282,6,0,0,0,0,0,0,0,0,1,0,0,0,0,0,0,0,0,0,0
1283,7,0,0,0,0,0,1,0,0,0,0,0,0,0,0,0,0,0,0,0
1284,6,0,0,0,0,0,0,0,0,1,0,0,0,0,1,0,0,0,0,0
1285,4,0,0,0,0,0,0,0,0,1,0,0,0,0,0,0,0,0,0,0
1286,1,0,0,0,0,0,1,0,0,0,0,0,0,1,0,1,0,0,0,0
1287,6,0,0,0,0,0,1,0,0,0,0,0,0,0,0,0,0,0,0,0
1288,6,0,0,0,0,0,1,0,0,0,0,0,0,0,0,0,0,0,0,0
1289,6,0,0,0,0,0,0,0,0,0,0,0,0,0,0,1,0,0,0,0
1290,4,0,0,0,0,0,0,0,0,1,0,0,0,0,0,1,0,0,0,0
1291,6,0,0,0,0,0,1,0,0,0,0,0,0,0,0,0,0,0,0,0
1292,7,0,0,0,0,1,0,0,0,0,1,0,0,0,0,0,0,0,0,0
1293,8,0,0,1,0,1,0,0,0,0,1,0,0,0,0,0,1,0,0,0
1294,8,0,0,0,0,0,0,0,1,0,0,0,0,0,0,0,0,0,0,0
1295,7,0,0,0,0,0,1,0,0,1,0,0,0,0,0,0,0,0,0,0
1296,6,0,0,0,0,0,1,0,0,1,0,0,0,0,0,0,0,0,0,0
1297,4,0,0,0,0,0,0,0,0,1,0,0,0,0,0,1,0,0,0,0
1298,1,0,0,0,0,0,1,0,0,0,0,0,0,1,0,0,0,0,0,0
1299,1,0,0,0,0,0,0,0,0,1,0,0,0,0,0,1,0,0,0,0
1300,7,0,0,0,0,0,0,0,0,1,0,0,0,0,0,1,0,0,0,0
1301,1,0,0,0,0,0,1,0,0,0,0,0,0,0,0,0,0,0,0,0
1302,7,0,0,0,0,0,1,0,0,0,0,0,0,0,0,0,0,0,0,0
1303,4,0,1,0,0,0,0,0,0,0,0,0,0,0,0,0,0,0,0,0
1304,6,0,1,0,0,0,0,1,0,0,0,0,0,0,0,0,0,0,0,0
1305,5,0,0,0,0,0,1,0,0,0,0,0,0,0,0,0,0,0,0,0
1306,4,0,0,0,0,0,0,0,0,1,0,0,0,0,0,0,0,0,0,0
1307,4,0,0,0,0,0,0,0,1,0,0,0,0,0,0,0,0,0,0,0
1308,4,0,0,0,0,0,1,0,0,1,0,0,0,0,0,0,0,0,0,0
1309,1,0,0,0,0,0,0,0,0,1,0,0,0,0,0,0,0,0,0,0
1310,1,0,0,0,0,0,0,0,0,1,0,0,0,0,0,0,0,0,0,0
1311,6,0,0,0,0,0,1,0,0,1,0,0,0,0,0,0,0,0,0,0
1312,6,0,0,0,0,0,1,0,0,1,0,0,0,0,0,0,0,0,0,0
1313,8,0,0,0,0,0,0,0,0,0,0,1,0,0,1,0,0,1,0,0
1314,4,0,1,1,0,0,0,0,0,0,0,0,0,0,0,0,0,1,0,0
1315,7,0,0,0,0,0,0,0,0,1,0,0,0,0,0,1,0,0,0,0
1316,7,0,0,0,0,0,0,0,0,1,0,0,0,0,0,0,0,0,0,0
1317,6,0,0,0,0,0,0,0,0,1,0,0,0,0,0,0,0,0,0,0
1318,6,0,0,0,0,0,0,0,1,0,0,0,0,0,0,0,0,0,0,0
1319,6,0,0,0,0,0,0,0,0,1,0,0,0,0,0,0,0,0,0,0
1320,6,0,0,0,0,0,0,0,0,1,0,0,0,0,0,0,0,0,0,0
1321,6,0,0,0,0,0,1,0,0,0,0,0,0,0,0,0,0,0,0,0
1322,3,0,0,0,0,0,1,0,0,0,0,0,0,0,0,0,0,0,0,0
1323,4,0,0,0,0,0,0,0,0,1,0,0,0,0,0,0,0,0,0,0
1324,6,0,0,0,0,0,0,0,0,1,0,0,0,0,0,0,0,1,0,0
1325,6,0,0,0,0,0,0,0,0,1,0,0,0,0,0,0,0,0,0,0
1326,6,0,0,0,0,0,0,0,0,1,0,0,0,0,0,0,0,0,0,0
1327,4,0,0,0,0,0,0,0,0,1,0,0,0,0,0,0,0,0,0,0
1328,6,0,0,0,0,0,0,0,0,1,0,0,0,0,0,0,0,0,0,0
1329,6,0,0,0,0,0,0,0,0,1,0,0,0,0,0,0,0,0,0,0
1330,4,0,0,0,0,0,0,0,0,1,0,0,0,0,0,0,0,0,0,0
1331,5,0,0,0,0,0,0,0,1,0,0,0,0,0,0,0,0,0,0,0
1332,3,0,0,0,0,0,0,0,0,1,0,0,0,0,0,0,0,0,0,0
1333,4,0,0,0,0,0,1,0,0,1,0,0,0,0,0,0,0,0,0,0
1334,6,0,0,0,0,0,0,0,0,1,0,0,0,0,0,0,0,0,0,0
1335,6,0,0,0,0,0,0,0,0,1,0,0,0,0,0,0,0,0,0,0
1336,6,0,0,0,0,1,1,0,0,0,1,0,0,0,0,0,0,0,0,0
1337,6,0,0,0,0,0,1,0,0,0,0,0,0,0,0,0,0,0,0,0
1338,6,0,0,0,0,0,0,0,0,1,0,0,0,0,0,0,0,0,0,0
1339,3,0,0,0,0,0,1,0,0,1,0,0,0,0,0,0,0,0,0,0
1340,5,0,0,0,0,0,0,0,0,0,0,0,0,0,0,1,0,0,0,0
1341,2,0,0,0,0,0,0,0,0,1,0,0,0,0,0,0,0,0,0,0
1342,6,0,0,0,0,0,0,0,0,1,0,0,0,0,0,0,0,0,0,0
1343,5,0,0,0,0,0,0,0,0,1,0,0,0,0,0,0,0,0,0,0
1344,3,0,0,0,0,0,0,0,0,1,0,0,0,0,0,0,0,0,0,0
1345,4,0,0,0,0,0,0,0,0,1,0,0,0,0,0,0,0,0,0,0
1346,2,0,0,0,0,0,0,0,0,1,0,0,0,0,0,0,0,0,0,0
1347,1,0,0,0,0,0,0,0,0,1,0,0,0,0,0,0,0,0,0,0
1348,2,0,0,0,0,0,0,0,0,1,0,0,0,0,0,0,0,0,0,0
1349,3,0,0,0,0,0,1,0,0,0,0,0,0,0,0,0,0,0,0,0
1350,1,0,0,0,0,0,0,0,0,1,0,0,0,0,0,0,0,0,0,0
1351,6,0,0,0,0,0,1,0,0,0,0,0,0,0,0,0,0,0,0,0
1352,1,0,0,0,0,0,0,0,0,1,0,0,0,0,0,0,0,0,0,0
1353,4,0,0,0,0,0,0,0,0,0,0,0,0,0,0,1,0,0,0,0
1354,2,0,0,0,0,0,0,0,0,1,0,0,0,0,0,0,0,0,0,0
1355,6,0,0,0,0,0,0,0,0,1,0,0,0,0,0,0,0,0,0,0
1356,6,0,0,0,0,0,1,0,0,0,0,0,0,0,0,0,0,0,0,0
1357,4,0,0,0,0,0,0,0,0,0,0,0,0,0,0,1,0,0,1,0
1358,6,0,1,0,0,0,0,0,0,0,0,0,0,0,0,0,0,0,0,0
1359,6,0,0,0,0,0,0,0,0,1,0,0,0,0,0,0,0,0,0,0
1360,4,0,0,0,0,0,1,0,0,0,0,0,0,0,0,0,0,0,0,0
1361,6,0,0,0,0,0,1,0,0,0,0,0,0,0,0,0,0,0,0,0
1362,6,0,1,0,0,0,0,0,0,0,0,0,0,0,0,0,0,0,0,0
1363,6,0,0,0,0,0,0,0,1,0,0,0,0,0,0,0,0,0,0,0
1364,6,0,1,0,0,0,0,0,0,0,0,0,0,0,0,0,0,0,0,0
1365,3,0,1,0,0,0,0,0,0,1,0,0,0,0,0,0,0,0,0,0
1366,4,0,0,0,0,0,0,0,1,1,0,0,0,0,0,0,0,0,0,0
1367,4,0,0,0,1,0,0,0,0,0,0,0,0,0,0,0,0,0,0,0
1368,4,0,0,0,0,0,0,0,0,1,0,0,0,0,0,0,0,0,0,0
1369,1,0,0,0,0,0,0,0,0,1,0,0,0,0,0,0,0,0,0,0
1370,4,0,0,0,0,0,0,0,0,1,0,0,0,0,0,0,0,1,0,0
1371,4,0,0,0,0,0,1,0,0,0,0,0,1,0,0,0,0,0,0,0
1372,4,0,1,0,0,0,0,0,0,0,0,0,0,0,0,0,0,0,0,0
1373,1,1,0,0,0,0,0,0,0,0,0,0,0,0,0,0,0,0,0,0
1374,1,0,0,0,0,0,1,0,0,0,0,0,0,0,0,0,0,0,0,0
1375,3,0,0,0,0,0,0,0,0,1,0,0,0,0,0,0,0,0,0,0
1376,7,0,0,0,0,0,1,0,0,0,0,0,0,0,0,0,0,0,0,0
1377,7,0,0,0,0,0,1,0,0,0,0,0,0,0,0,1,0,0,0,0
1378,7,0,0,0,0,0,0,0,1,0,0,0,0,0,0,0,0,0,0,0
1379,7,0,0,0,0,0,0,0,0,0,0,0,0,0,0,1,0,0,0,0
1380,7,0,0,0,0,0,0,0,0,1,0,0,0,0,0,0,0,0,0,0
1381,6,0,0,0,0,0,0,0,0,1,0,0,0,0,0,0,0,0,0,0
1382,7,0,0,0,0,0,0,0,0,1,0,0,0,0,0,0,0,0,0,0
1383,7,0,0,1,0,1,0,0,0,0,0,0,0,0,0,0,0,0,0,0
1384,7,0,0,0,0,0,0,0,0,1,0,0,0,0,0,0,0,0,0,0
1385,7,0,0,0,0,0,1,0,0,0,0,0,0,0,0,1,0,0,0,0
1386,7,0,0,0,0,0,0,0,0,0,0,0,0,0,0,0,1,0,0,0
1387,7,0,0,0,0,0,0,0,0,0,0,0,0,0,0,1,0,0,0,0
1388,7,0,0,0,0,0,0,0,0,1,0,0,0,0,0,0,0,0,0,0
1389,7,0,0,0,0,0,0,0,0,1,0,0,0,0,0,0,0,0,0,0
1390,7,0,0,0,0,0,0,1,0,0,0,0,0,0,0,0,0,0,0,0
1391,7,0,0,0,0,0,0,0,0,1,0,0,0,0,0,0,0,0,0,0
1392,7,0,0,0,0,0,0,0,0,1,0,0,0,0,0,0,0,0,0,0
1393,7,0,1,0,0,0,0,0,0,0,0,0,0,0,0,0,0,1,0,0
1394,7,0,0,0,0,0,0,0,0,0,0,0,0,0,0,1,0,0,0,0
1395,8,0,0,0,0,0,0,0,0,1,0,0,0,0,0,0,0,0,0,0
1396,6,0,0,0,0,0,0,0,0,1,0,0,0,0,0,0,0,0,0,0
1397,1,0,0,0,0,0,0,0,0,1,0,0,0,0,0,0,0,0,0,0
1398,6,0,0,0,0,0,0,0,0,1,0,0,0,0,0,0,0,0,0,0
1399,7,0,0,0,0,0,0,0,0,0,0,0,0,0,0,0,0,1,0,0
1400,5,0,0,0,0,0,0,0,0,1,0,0,0,0,0,1,0,0,0,0
1401,3,0,0,0,0,0,0,0,0,1,0,0,0,0,0,0,0,0,0,0
1402,3,0,0,0,0,0,0,0,0,1,0,0,0,0,0,0,0,0,0,0
1403,4,0,0,0,0,0,1,0,0,1,0,0,0,0,0,0,0,0,0,0
1404,1,0,0,0,0,0,1,0,0,0,0,0,0,0,0,0,0,0,0,0
1405,7,0,0,0,0,0,0,0,0,1,0,0,0,0,0,0,0,0,0,0
1406,5,0,0,0,0,0,0,0,0,1,0,0,0,0,0,1,0,0,0,0
1407,4,0,1,0,0,0,0,0,0,0,0,0,0,0,0,0,0,0,0,0
1408,5,0,0,0,0,0,1,0,0,0,0,0,0,0,0,0,0,0,0,0
1409,4,0,0,0,1,1,0,0,0,0,0,0,0,0,0,0,0,0,0,0
1410,3,0,0,0,0,0,0,0,0,1,0,0,0,0,0,0,0,0,0,0
1411,1,0,0,1,0,0,0,0,0,0,0,0,0,0,0,0,1,0,0,0
1412,5,0,0,0,1,1,0,0,0,0,0,0,0,0,0,0,0,0,0,0
1413,4,0,1,0,0,0,0,0,0,0,0,0,0,0,0,0,0,0,0,0
1414,5,0,1,0,0,0,0,0,0,0,0,0,0,0,0,0,0,0,0,0
1415,4,0,1,0,0,1,0,0,0,0,0,0,0,0,0,0,0,0,0,0
1416,4,0,1,0,0,0,0,0,0,0,0,0,0,0,0,0,1,0,0,0
1417,7,0,0,0,0,0,0,0,0,1,0,0,0,0,0,0,0,0,0,0
1418,3,0,0,0,0,0,0,0,0,1,0,0,0,0,0,0,0,0,0,0
1419,4,0,1,0,0,0,0,0,0,0,0,0,0,0,0,0,1,0,0,0
1420,7,0,0,0,0,0,1,0,0,0,0,0,0,0,0,0,0,0,0,0
1421,3,0,0,0,0,0,0,0,0,1,0,0,0,0,0,0,0,0,0,0
1422,3,0,0,0,0,0,0,0,0,0,0,1,0,0,0,0,0,1,0,0
1423,5,0,0,0,0,0,0,0,0,1,0,0,0,0,0,0,0,0,1,0
1424,4,0,0,0,0,0,1,0,0,1,0,0,0,0,0,1,0,0,0,0
1425,4,0,0,0,0,0,1,0,0,1,0,0,0,0,0,0,0,0,0,0
1426,6,0,0,0,0,0,1,0,0,1,0,0,0,0,0,0,0,0,0,0
1427,6,0,0,0,0,0,0,0,0,1,0,0,0,0,0,0,0,0,0,0
1428,7,0,0,0,0,0,1,0,0,0,0,0,0,0,0,0,0,0,0,0
1429,8,0,0,0,0,0,0,0,0,1,0,0,0,0,0,1,0,0,0,0
1430,7,0,0,0,0,0,0,0,0,1,0,0,0,0,0,0,0,0,0,0
1431,7,0,0,0,0,0,0,0,0,0,0,0,0,0,0,0,0,1,0,0
1432,8,0,0,0,0,0,0,0,0,1,0,0,0,0,0,0,0,0,0,0
1433,7,0,1,0,0,0,0,0,0,1,0,0,0,0,0,0,0,0,0,0
1434,8,0,0,0,0,0,0,0,0,0,0,0,0,0,0,1,0,0,0,0
1435,5,0,0,0,0,0,1,0,0,0,0,0,0,0,0,0,0,0,0,0
1436,3,0,0,0,0,0,0,0,0,1,0,0,0,0,0,1,0,0,0,0
1437,4,0,0,0,0,0,1,0,0,0,0,0,0,0,0,0,0,0,0,0
1438,5,0,0,0,0,0,0,0,0,1,0,0,0,0,0,0,0,0,0,0
1439,4,0,0,0,0,0,0,1,0,1,0,0,0,0,0,0,0,0,0,0
1440,4,0,0,0,0,0,0,0,0,1,0,0,0,0,0,0,0,0,0,0
1441,5,0,0,0,0,0,0,0,0,1,0,0,0,0,0,1,0,0,0,0
1442,5,0,0,0,0,0,0,0,0,1,0,0,0,0,0,0,0,0,0,0
1443,4,0,0,0,0,0,0,0,0,1,0,0,0,0,0,0,0,0,0,0
1444,1,0,0,0,0,1,1,0,0,0,0,0,0,0,1,0,0,0,0,0
1445,4,0,0,0,0,0,0,0,0,1,0,0,0,0,0,0,0,0,0,0
1446,5,0,0,0,0,0,1,0,0,0,0,0,0,0,0,0,0,0,0,0
1447,3,0,0,0,0,0,0,0,0,1,0,0,0,0,0,0,0,0,0,0
1448,6,0,0,0,0,0,0,0,0,1,0,0,0,0,0,0,0,0,0,0
1449,6,0,0,0,0,0,0,0,0,1,0,0,0,0,0,0,0,0,0,0
1450,1,0,0,1,0,0,0,0,0,0,0,0,0,0,0,1,0,0,0,0
1451,1,0,0,0,0,0,0,0,0,0,0,0,0,0,0,0,0,1,0,0
1452,1,0,0,0,0,0,1,0,0,0,0,0,0,0,1,0,0,0,0,0
1453,1,0,0,0,0,0,0,1,0,1,0,0,0,0,0,0,0,0,0,0
1454,1,0,0,0,0,0,0,0,0,0,0,0,0,0,0,0,0,0,0,1
1455,1,0,0,0,0,0,0,0,0,0,0,0,0,0,0,0,0,0,0,1
1456,1,0,0,0,0,0,1,0,0,1,0,0,0,0,0,0,0,0,0,0
1457,6,0,0,0,0,0,1,0,0,1,0,0,0,0,0,0,0,0,0,0
1458,1,0,0,0,0,0,1,0,0,0,0,0,0,1,0,1,0,0,0,0
1459,6,0,0,0,0,0,0,0,0,0,0,0,0,1,0,0,0,0,0,0
1460,6,0,0,0,0,0,1,0,0,1,0,0,0,0,0,0,0,0,0,0
1461,1,0,0,0,0,0,1,0,0,0,0,0,0,0,0,0,0,0,0,0
1462,6,0,0,0,0,0,0,1,0,1,0,0,0,0,0,1,0,0,0,0
1463,7,0,0,0,0,0,1,0,0,0,0,0,0,0,0,0,0,0,0,0
1464,5,0,0,0,0,0,0,0,0,1,0,0,0,0,0,0,0,0,0,0
1465,5,0,0,0,0,0,1,0,0,1,0,0,0,0,0,0,0,0,0,0
1466,5,0,0,0,0,0,0,0,0,1,0,0,0,0,0,0,0,0,0,0
1467,3,0,0,0,0,0,0,0,0,1,0,0,0,0,0,0,0,0,0,0
1468,5,0,0,0,0,0,0,0,0,1,0,0,0,0,0,0,0,0,0,0
1469,5,0,0,1,0,1,0,0,0,0,0,0,0,0,0,0,0,0,0,0
1470,5,0,0,0,1,1,0,0,0,0,0,0,0,0,0,0,0,0,0,0
1471,5,0,0,0,0,0,0,0,0,0,0,0,0,0,0,0,0,1,0,0
1472,6,0,0,0,0,0,1,0,0,0,0,0,0,0,0,0,1,0,0,0
1473,1,0,0,0,0,1,0,0,0,1,0,0,0,0,0,0,0,0,0,0
1474,4,0,0,0,0,0,1,0,0,0,0,0,0,0,0,1,0,0,0,0
1475,3,0,0,0,0,0,1,0,0,1,0,0,0,0,0,0,0,0,0,0
1476,1,0,0,0,0,0,0,0,0,0,0,1,0,0,0,0,0,0,0,0
1477,7,0,0,0,0,0,0,0,0,0,0,0,1,0,0,0,0,1,0,0
1478,5,0,1,0,0,0,0,1,0,1,0,0,0,0,0,0,0,0,0,0
1479,5,0,0,0,0,0,1,0,0,0,0,0,0,0,0,0,0,0,0,0
1480,1,0,0,1,0,1,1,0,0,0,0,0,0,0,0,0,0,0,0,0
1481,4,0,0,0,0,0,0,0,0,1,0,0,0,0,0,0,0,0,0,0
1482,6,0,0,0,0,0,0,0,1,0,0,0,0,0,0,0,0,0,0,0
1483,8,0,1,0,0,0,0,0,0,1,0,0,0,0,0,1,0,0,0,0
1484,4,0,1,0,0,0,1,0,0,0,0,0,0,0,0,0,0,0,0,0
1485,4,0,0,0,0,0,0,0,0,1,0,0,0,0,0,1,0,0,1,0
1486,5,0,0,0,0,0,0,0,0,1,0,0,0,0,0,0,0,0,0,0
1487,3,0,0,0,0,0,1,0,0,0,0,0,0,0,0,1,0,0,0,0
1488,3,0,0,0,0,0,0,0,0,1,0,0,0,0,0,0,0,0,0,0
1489,4,0,0,0,0,0,1,0,0,0,0,0,0,0,0,0,0,0,0,0
1490,3,0,0,0,0,0,1,0,0,0,0,0,0,0,0,0,0,0,0,0
1491,5,0,1,0,0,0,0,0,0,1,0,0,0,0,0,0,0,1,0,0
1492,4,0,0,0,0,0,1,0,0,0,0,0,0,0,0,0,0,0,0,0
1493,6,0,0,0,0,0,0,0,0,0,0,0,0,0,0,1,0,0,0,0
1494,6,0,0,0,0,0,1,0,0,0,0,0,0,0,0,0,0,0,0,0
1495,6,0,0,0,0,0,0,0,0,1,0,0,0,0,0,0,0,0,0,0
1496,6,0,0,0,0,0,1,1,0,0,0,0,0,0,0,0,0,0,0,0
1497,6,0,0,0,0,0,0,0,1,0,0,0,0,0,0,0,0,0,0,0
1498,7,0,0,0,0,0,1,0,0,0,0,0,0,0,0,0,0,0,0,0
1499,4,0,0,0,0,0,1,0,0,0,0,0,0,0,0,0,0,0,0,0
1500,6,0,0,0,0,0,1,0,0,0,0,0,0,0,0,0,0,0,0,0
1501,7,0,0,0,0,0,0,0,0,0,0,0,0,0,0,0,0,0,1,0
1502,4,0,0,0,0,0,1,0,0,0,0,0,0,0,0,1,0,0,0,0
1503,5,0,0,1,0,1,0,0,0,0,0,0,0,0,0,0,0,0,0,0
1504,6,0,0,0,0,0,1,0,0,0,0,0,0,0,0,0,0,0,0,0
1505,6,0,0,0,0,0,0,1,0,1,0,0,0,0,0,0,0,0,0,0
1506,6,0,0,0,0,0,0,0,0,1,0,0,0,0,0,0,0,0,0,0
1507,6,0,0,0,0,0,1,0,0,0,0,0,0,0,0,0,0,0,0,0
1508,5,0,0,0,0,0,0,0,0,1,0,0,0,0,0,0,0,1,0,0
1509,4,0,0,0,0,0,1,0,0,0,0,0,0,0,0,0,0,0,0,0
1510,6,0,0,0,0,0,0,1,0,0,0,0,0,0,0,0,0,0,0,0
1511,7,0,0,0,0,0,1,0,0,0,0,0,0,0,0,0,0,0,0,0
1512,6,0,0,0,0,0,0,0,0,1,0,0,0,0,0,0,0,0,0,0
1513,7,0,0,0,0,0,1,0,0,0,0,0,0,0,0,0,0,0,0,0
1514,7,0,0,0,0,0,0,0,0,1,0,0,0,0,0,0,0,0,0,0
1515,5,0,0,1,0,0,0,0,0,0,0,0,0,0,0,1,0,0,0,0
1516,4,0,0,0,0,0,0,0,0,1,0,0,0,0,0,0,0,0,0,0
1517,6,0,0,0,0,0,0,0,0,1,0,0,0,0,0,0,0,0,0,0
1518,5,0,0,0,0,0,0,0,0,1,0,0,0,0,0,0,0,0,0,0
1519,5,0,0,0,0,0,0,1,0,1,0,0,0,0,0,0,0,0,0,0
1520,5,0,0,0,0,0,0,0,0,0,0,0,1,0,0,0,0,0,0,0
1521,3,0,0,0,0,0,1,0,0,0,0,0,0,0,0,1,0,0,0,0
1522,4,0,0,0,0,0,0,0,0,0,0,0,0,0,0,0,0,1,0,0
1523,4,0,1,1,0,0,0,0,0,0,0,0,0,0,0,0,0,0,0,0
1524,6,0,0,0,0,0,0,0,0,1,0,0,0,0,0,0,0,0,0,0
1525,8,0,0,0,0,0,1,0,0,0,0,0,0,0,0,1,0,0,0,0
1526,1,0,0,0,0,0,0,0,0,1,0,0,0,0,0,1,0,1,0,0
1527,8,0,0,0,0,0,1,0,0,0,0,0,0,0,0,0,0,0,0,0
1528,7,0,0,0,0,0,0,0,0,1,0,0,0,0,0,0,0,0,0,0
1529,6,0,0,0,0,0,0,0,0,0,0,0,0,0,0,0,0,0,1,0
1530,5,0,0,0,0,0,0,0,0,1,0,0,0,0,0,0,0,0,0,0
1531,5,0,0,1,0,1,0,0,0,0,0,0,0,0,0,0,0,0,0,0
1532,4,0,0,0,0,0,0,0,0,1,0,0,0,0,0,0,0,0,0,0
1533,3,0,0,0,0,0,0,0,0,1,0,0,0,0,0,0,0,0,0,0
1534,7,0,0,0,0,0,1,1,0,0,0,0,0,0,0,0,0,0,0,0
1535,4,0,0,0,0,0,0,0,0,1,0,0,0,0,0,0,0,0,0,0
1536,6,0,0,0,0,0,0,0,0,1,0,0,0,0,0,0,0,0,0,0
1537,7,0,0,0,0,0,1,0,0,0,0,0,0,0,0,0,0,0,0,0
1538,7,0,0,0,0,0,0,0,0,1,0,0,0,0,0,0,0,0,0,0
1539,3,0,0,0,0,0,0,0,0,1,0,0,0,0,0,0,0,0,0,0
1540,5,0,0,1,0,1,0,0,0,0,0,0,0,0,0,0,0,0,0,0
1541,4,0,0,0,0,0,0,0,0,1,0,0,0,0,0,0,0,0,0,0
1542,1,0,0,0,0,0,0,0,0,1,0,0,0,0,0,0,0,0,0,0
1543,6,0,0,0,0,0,0,0,0,1,0,0,0,0,0,0,0,0,0,0
1544,5,0,0,0,0,0,1,0,0,0,0,0,0,0,0,0,0,0,0,0
1545,5,0,0,0,0,0,0,0,0,1,0,0,0,0,0,1,0,0,0,0
1546,1,0,0,0,0,0,0,0,0,1,0,0,0,0,0,0,0,0,0,0
1547,5,0,0,0,0,0,0,0,1,0,0,0,0,0,0,0,0,0,0,0
1548,5,0,1,0,0,0,0,0,0,0,0,0,0,0,0,0,0,1,0,0
1549,5,0,0,0,0,0,0,0,0,0,0,0,0,0,0,0,0,1,0,0
1550,5,0,0,0,0,0,1,0,0,0,0,0,0,0,0,0,0,0,0,0
1551,4,0,0,0,0,0,0,0,0,1,0,0,0,0,0,0,0,0,0,0
1552,5,0,1,0,0,0,0,0,0,0,0,0,0,0,0,0,0,0,0,0
1553,5,0,0,0,0,0,0,0,0,0,0,0,0,0,1,0,0,1,0,0
1554,4,0,0,0,0,0,0,0,0,1,0,0,0,0,0,0,0,0,0,0
1555,3,0,0,1,0,1,0,0,0,0,0,0,0,0,0,0,0,0,0,0
1556,5,0,1,0,0,0,0,0,0,1,0,0,0,0,0,0,0,1,0,0
1557,6,0,0,0,0,0,1,0,0,1,0,0,0,0,0,0,0,0,0,0
1558,6,0,0,0,0,0,0,0,0,1,0,0,0,0,0,0,0,0,0,0
1559,4,0,1,0,0,0,0,0,0,1,0,0,0,0,0,0,0,1,0,0
1560,1,0,0,0,0,0,0,1,0,0,0,0,0,0,0,0,0,0,0,0
1561,4,0,0,0,0,0,0,0,1,1,0,0,0,0,0,0,0,0,0,0
1562,3,0,0,0,0,0,0,0,1,0,0,0,0,0,0,0,0,0,0,0
1563,4,0,0,0,0,0,0,0,0,0,0,0,0,0,0,1,0,0,0,0
1564,2,0,0,0,0,0,0,0,0,1,0,0,0,0,0,0,0,0,0,0
1565,2,0,0,0,0,0,0,0,0,1,0,0,0,0,0,0,0,0,0,0
1566,1,0,0,0,0,0,0,0,0,1,0,0,0,0,0,0,0,0,0,0
1567,2,0,0,0,0,0,1,0,0,0,0,0,0,0,0,0,0,0,0,0
1568,2,0,0,0,0,0,1,0,0,0,0,0,0,0,0,1,0,0,0,0
1569,1,0,0,0,0,0,1,0,0,1,0,0,0,0,0,0,0,0,0,0
1570,2,0,0,0,0,0,1,0,0,0,0,0,0,0,0,0,0,0,0,0
1571,1,0,0,0,0,0,0,0,0,1,0,0,0,0,0,0,0,0,0,0
1572,1,0,0,0,0,0,0,0,0,1,0,0,0,0,0,0,0,0,0,0
1573,1,0,0,0,0,0,0,0,0,0,0,0,1,0,0,0,0,0,0,0
1574,5,0,0,0,0,0,0,0,0,0,0,0,0,0,0,0,0,0,1,0
1575,2,0,0,0,0,0,0,0,0,1,0,0,0,0,0,0,0,0,0,0
1576,1,0,0,0,0,0,0,0,0,0,1,0,0,0,0,0,0,0,0,0
1577,1,0,0,0,0,0,0,0,0,1,0,0,0,0,0,0,0,0,0,0
1578,1,0,0,0,0,0,0,0,0,1,0,0,0,0,0,0,0,0,0,0
1579,1,0,0,0,0,0,0,0,0,0,0,0,0,0,0,0,0,1,0,0
1580,1,0,0,0,0,0,0,0,0,0,0,0,0,0,0,1,0,0,0,0
1581,1,0,0,0,0,0,0,0,0,0,0,0,0,0,1,0,0,0,0,0
1582,1,0,0,0,0,0,0,0,0,0,0,1,0,0,0,0,0,0,0,0
1583,1,0,0,0,0,0,0,0,0,1,0,0,0,0,0,0,0,0,0,0
1584,1,0,0,0,0,0,0,0,0,1,0,0,0,0,0,0,0,0,0,0
1585,2,0,0,0,0,0,0,0,1,0,0,0,0,0,0,0,0,0,0,0
1586,2,0,1,0,0,0,0,1,0,1,0,0,0,0,0,0,0,0,0,0
1587,1,0,0,0,0,0,0,0,0,0,0,0,0,0,0,0,0,0,0,1
1588,7,0,0,0,0,0,1,0,0,1,0,0,0,0,0,0,0,0,0,0
1589,7,0,0,0,0,0,1,0,0,0,0,0,0,0,0,0,0,0,0,0
1590,7,0,0,0,0,0,0,0,0,1,0,0,0,0,0,0,0,0,0,0
1591,8,0,0,0,0,0,0,0,0,1,0,0,0,0,0,0,0,0,0,0
1592,8,0,0,0,0,0,0,0,0,1,0,0,0,0,0,0,0,0,0,0
1593,6,0,0,0,0,0,1,0,0,0,0,0,0,0,0,0,0,0,0,0
1594,8,0,0,0,0,0,0,0,1,0,0,0,0,0,0,0,0,0,0,0
1595,6,0,1,0,0,0,0,0,0,0,0,0,0,0,0,0,0,1,0,0
1596,5,0,1,0,0,0,0,0,0,0,0,0,0,0,0,0,1,1,0,0
1597,2,0,1,0,0,0,0,0,0,1,0,0,0,0,0,0,0,0,0,0
1598,7,0,0,0,0,0,0,1,0,0,0,0,0,0,0,0,0,1,0,0
1599,6,0,0,0,0,0,0,0,0,1,0,0,0,0,0,0,0,0,0,0
1600,7,0,0,0,0,0,1,0,0,0,0,0,0,0,0,0,0,0,0,0
1601,7,0,0,0,0,0,0,0,0,0,0,0,0,0,0,0,0,1,0,0
1602,8,0,0,0,0,0,0,0,0,1,0,0,0,0,0,0,0,0,0,0
1603,6,0,0,0,0,0,0,0,0,1,0,0,0,0,0,0,0,0,0,0
1604,1,0,0,0,0,0,0,1,0,0,0,1,0,0,0,0,0,1,0,0
1605,7,0,0,0,0,0,1,0,0,0,0,0,0,0,0,0,0,0,0,0
1606,7,0,0,0,0,0,0,1,0,0,0,0,0,0,0,0,0,0,0,0
1607,8,0,0,0,0,0,0,0,0,1,0,0,0,0,0,0,0,0,0,0
1608,7,0,0,1,0,1,0,0,0,1,0,0,0,0,0,0,0,0,0,0
1609,7,0,0,0,0,0,1,0,0,0,0,0,0,0,0,0,0,0,0,0
1610,7,0,1,0,0,0,0,1,0,0,0,0,0,0,0,1,0,0,0,0
1611,7,0,0,0,0,0,1,0,0,0,0,0,0,0,0,0,0,0,0,0
1612,8,0,0,0,0,0,0,0,0,0,0,0,0,0,0,1,0,0,0,0
1613,8,0,1,0,0,0,0,0,0,1,0,0,0,0,0,0,0,0,0,0
1614,1,0,0,0,0,0,1,0,0,1,0,0,0,0,0,0,0,0,0,0
1615,7,0,1,1,0,1,0,0,0,0,1,0,0,0,0,0,0,0,0,0
1616,5,0,0,0,0,0,0,0,0,1,0,0,0,0,0,0,0,0,0,0
1617,7,0,0,0,0,0,0,0,0,0,0,0,0,0,0,1,0,0,0,0
1618,2,0,1,0,0,0,0,1,0,0,0,0,0,0,0,0,0,0,0,0
1619,6,0,0,0,0,0,0,0,0,1,0,0,0,0,0,0,0,0,0,0
1620,7,0,0,0,0,0,1,0,0,0,0,0,0,0,0,0,0,0,0,0
1621,6,0,0,0,0,0,0,0,0,0,0,0,0,0,0,0,0,1,0,0
1622,3,0,0,0,0,0,1,0,0,0,0,0,0,0,0,0,0,0,0,0
1623,6,0,0,0,0,0,0,0,0,1,0,0,0,0,0,0,0,0,0,0
1624,8,0,0,0,0,0,0,0,0,0,0,0,0,0,0,0,0,1,0,0
1625,7,0,0,0,0,0,0,0,0,0,0,0,1,0,0,0,0,1,0,0
1626,6,0,0,0,0,0,1,0,0,1,0,0,0,0,0,0,0,0,0,0
1627,6,0,0,0,0,0,1,0,0,1,0,0,0,0,0,0,0,0,0,0
1628,4,0,0,0,0,0,0,0,0,1,0,0,0,0,0,0,0,0,0,0
1629,5,0,0,0,0,0,0,0,1,0,0,0,0,0,0,0,0,0,0,0
1630,6,0,0,0,0,0,0,0,0,1,0,0,0,0,0,0,0,0,0,0
1631,3,0,0,0,0,0,1,0,0,1,0,0,0,0,0,0,0,0,0,0
1632,6,0,0,0,0,0,0,0,0,0,0,0,0,0,0,0,0,0,1,0
1633,6,0,0,0,0,0,1,0,0,1,0,0,0,0,0,0,0,0,0,0
1634,6,0,0,0,0,0,0,0,0,1,0,0,0,0,0,0,0,0,0,0
1635,1,0,0,0,0,0,0,0,0,1,0,0,0,0,0,0,0,0,0,0
1636,6,0,0,0,0,0,0,0,0,1,0,0,0,0,0,0,0,0,0,0
1637,6,0,0,0,0,0,0,0,0,1,0,0,0,0,0,0,0,0,0,0
1638,6,0,0,0,0,0,0,1,0,1,0,0,0,0,0,0,0,0,0,0
1639,6,0,0,0,0,0,0,0,0,1,0,0,0,0,0,0,0,0,0,0
1640,6,0,0,0,0,0,0,0,0,1,0,0,0,0,0,0,0,0,0,0
1641,6,0,0,0,0,0,0,0,1,0,0,0,0,0,0,0,0,0,0,0
1642,6,0,0,0,0,0,0,0,0,1,0,0,0,0,0,0,0,0,0,0
1643,7,0,0,0,0,0,0,0,0,1,0,0,0,0,0,0,0,0,0,0
1644,7,0,0,0,0,0,1,0,0,0,0,0,0,0,0,0,0,0,0,0
1645,8,0,0,0,0,0,0,0,0,1,0,0,0,0,0,0,0,0,0,0
1646,8,0,1,0,0,0,0,0,0,1,0,0,0,0,0,0,0,0,0,0
1647,8,0,0,0,0,0,1,1,0,1,0,0,0,0,0,0,0,0,0,0
1648,8,0,0,0,0,0,0,0,0,1,0,0,0,0,0,0,0,0,0,0
1649,8,0,0,0,0,0,1,0,1,0,0,0,0,0,0,0,0,0,0,0
1650,8,0,0,0,0,0,0,0,0,1,0,0,0,0,0,0,0,0,0,0
1651,8,0,0,0,0,0,0,0,0,1,0,0,0,0,0,0,0,1,0,0
1652,7,0,0,0,0,0,0,0,0,0,0,0,0,0,0,1,0,0,0,0
1653,6,0,0,0,0,0,0,0,0,1,0,0,0,0,0,0,0,0,0,0
1654,8,0,0,0,0,0,1,0,0,0,0,0,0,0,0,0,0,0,0,0
1655,4,0,0,0,0,0,1,0,0,0,0,0,0,0,0,1,0,0,0,0
1656,8,0,0,0,0,0,1,0,0,0,0,0,0,0,0,1,0,0,0,0
1657,6,0,1,0,0,0,0,0,0,1,0,0,0,0,0,0,0,0,0,0
1658,6,0,0,0,0,0,0,0,0,1,0,0,0,0,0,0,0,0,0,0
1659,6,0,0,0,0,0,1,0,0,0,0,0,0,0,0,0,0,0,0,0
1660,6,0,0,0,0,0,0,0,0,1,0,0,0,0,0,0,0,0,0,0
1661,4,0,0,0,0,0,0,0,0,1,0,0,0,0,0,0,0,0,0,0
1662,7,0,0,0,0,0,0,0,0,1,0,0,0,0,0,1,0,0,0,0
1663,7,0,0,0,0,0,0,0,0,1,0,0,0,0,0,0,0,0,1,0
1664,7,0,0,0,0,0,1,0,0,0,0,0,0,0,0,0,0,0,0,0
1665,7,0,0,0,0,0,0,0,0,1,0,0,0,0,0,0,0,0,0,0
1666,7,0,0,0,0,0,0,0,0,1,0,0,0,0,0,0,0,0,0,0
1667,7,0,0,0,0,0,0,0,0,1,0,0,0,0,0,0,0,0,0,0
1668,7,0,0,0,0,0,1,0,0,0,0,0,0,0,0,0,0,0,0,0
1669,7,0,0,0,0,0,0,1,0,1,0,0,0,0,1,0,0,0,0,0
1670,8,0,0,0,0,0,1,0,0,0,0,0,0,0,0,0,0,1,0,0
1671,8,0,0,0,0,0,0,0,0,1,0,0,0,0,0,0,0,0,0,0
1672,3,0,0,0,0,0,0,0,0,1,0,0,0,0,0,0,0,0,0,0
1673,5,0,1,0,0,0,0,0,0,0,0,0,0,0,0,0,0,1,0,0
1674,1,0,0,0,0,0,0,0,0,1,0,0,0,0,0,0,0,0,0,0
1675,6,0,0,0,0,0,0,0,0,1,0,0,0,0,0,0,0,0,0,0
1676,6,0,0,0,0,0,0,0,0,1,0,0,0,0,0,0,0,0,0,0
1677,6,0,0,0,0,0,0,0,0,1,0,0,0,0,0,0,0,0,0,0
1678,8,0,0,0,0,0,0,0,0,1,0,0,0,0,0,0,0,0,0,0
1679,8,0,0,0,0,0,0,0,0,0,0,0,0,0,0,1,0,1,0,0
1680,8,0,0,0,0,0,0,0,0,1,0,0,0,0,0,1,0,0,0,0
1681,4,0,0,0,0,0,1,0,0,0,0,0,0,0,0,0,0,0,0,0
1682,6,0,0,0,0,0,0,0,0,1,0,0,0,0,0,0,0,0,0,0
